USE [DB_Tinesco]
GO
/****** Object:  Table [dbo].[UnidadesMedida]    Script Date: 11/08/2017 08:40:22 ******/
SET ANSI_NULLS ON
GO
SET QUOTED_IDENTIFIER ON
GO
CREATE TABLE [dbo].[UnidadesMedida](
	[codUnidad] [int] NOT NULL,
	[nombre] [nvarchar](50) NOT NULL,
 CONSTRAINT [PK_UnidadesMedida] PRIMARY KEY CLUSTERED 
(
	[codUnidad] ASC
)WITH (PAD_INDEX  = OFF, STATISTICS_NORECOMPUTE  = OFF, IGNORE_DUP_KEY = OFF, ALLOW_ROW_LOCKS  = ON, ALLOW_PAGE_LOCKS  = ON) ON [PRIMARY]
) ON [PRIMARY]
GO
INSERT [dbo].[UnidadesMedida] ([codUnidad], [nombre]) VALUES (1, N'Kilogramos')
INSERT [dbo].[UnidadesMedida] ([codUnidad], [nombre]) VALUES (2, N'Gramos')
INSERT [dbo].[UnidadesMedida] ([codUnidad], [nombre]) VALUES (3, N'Unidades')
/****** Object:  Table [dbo].[TiposProducto]    Script Date: 11/08/2017 08:40:22 ******/
SET ANSI_NULLS ON
GO
SET QUOTED_IDENTIFIER ON
GO
CREATE TABLE [dbo].[TiposProducto](
	[codTipoProducto] [int] NOT NULL,
	[nombre] [nvarchar](50) NULL,
 CONSTRAINT [PK_TiposProducto] PRIMARY KEY CLUSTERED 
(
	[codTipoProducto] ASC
)WITH (PAD_INDEX  = OFF, STATISTICS_NORECOMPUTE  = OFF, IGNORE_DUP_KEY = OFF, ALLOW_ROW_LOCKS  = ON, ALLOW_PAGE_LOCKS  = ON) ON [PRIMARY]
) ON [PRIMARY]
GO
INSERT [dbo].[TiposProducto] ([codTipoProducto], [nombre]) VALUES (1, N'Final')
INSERT [dbo].[TiposProducto] ([codTipoProducto], [nombre]) VALUES (2, N'Materia Prima')
/****** Object:  Table [dbo].[TiposFactura]    Script Date: 11/08/2017 08:40:22 ******/
SET ANSI_NULLS ON
GO
SET QUOTED_IDENTIFIER ON
GO
CREATE TABLE [dbo].[TiposFactura](
	[codTipoFactura] [int] NOT NULL,
	[nombre] [nvarchar](50) NULL,
 CONSTRAINT [PK_TiposFactura] PRIMARY KEY CLUSTERED 
(
	[codTipoFactura] ASC
)WITH (PAD_INDEX  = OFF, STATISTICS_NORECOMPUTE  = OFF, IGNORE_DUP_KEY = OFF, ALLOW_ROW_LOCKS  = ON, ALLOW_PAGE_LOCKS  = ON) ON [PRIMARY]
) ON [PRIMARY]
GO
INSERT [dbo].[TiposFactura] ([codTipoFactura], [nombre]) VALUES (1, N'A')
INSERT [dbo].[TiposFactura] ([codTipoFactura], [nombre]) VALUES (2, N'B')
INSERT [dbo].[TiposFactura] ([codTipoFactura], [nombre]) VALUES (3, N'C')
/****** Object:  Table [dbo].[Provincias]    Script Date: 11/08/2017 08:40:22 ******/
SET ANSI_NULLS ON
GO
SET QUOTED_IDENTIFIER ON
GO
CREATE TABLE [dbo].[Provincias](
	[codProvincia] [int] NOT NULL,
	[nombre] [nvarchar](50) NULL,
 CONSTRAINT [PK_Provincias] PRIMARY KEY CLUSTERED 
(
	[codProvincia] ASC
)WITH (PAD_INDEX  = OFF, STATISTICS_NORECOMPUTE  = OFF, IGNORE_DUP_KEY = OFF, ALLOW_ROW_LOCKS  = ON, ALLOW_PAGE_LOCKS  = ON) ON [PRIMARY]
) ON [PRIMARY]
GO
INSERT [dbo].[Provincias] ([codProvincia], [nombre]) VALUES (1, N'Buenos Aires')
INSERT [dbo].[Provincias] ([codProvincia], [nombre]) VALUES (2, N'Buenos Aires-GBA')
INSERT [dbo].[Provincias] ([codProvincia], [nombre]) VALUES (3, N'Capital Federal')
INSERT [dbo].[Provincias] ([codProvincia], [nombre]) VALUES (4, N'Catamarca')
INSERT [dbo].[Provincias] ([codProvincia], [nombre]) VALUES (5, N'Chaco')
INSERT [dbo].[Provincias] ([codProvincia], [nombre]) VALUES (6, N'Chubut')
INSERT [dbo].[Provincias] ([codProvincia], [nombre]) VALUES (7, N'Córdoba')
INSERT [dbo].[Provincias] ([codProvincia], [nombre]) VALUES (8, N'Corrientes')
INSERT [dbo].[Provincias] ([codProvincia], [nombre]) VALUES (9, N'Entre Ríos')
INSERT [dbo].[Provincias] ([codProvincia], [nombre]) VALUES (10, N'Formosa')
INSERT [dbo].[Provincias] ([codProvincia], [nombre]) VALUES (11, N'Jujuy')
INSERT [dbo].[Provincias] ([codProvincia], [nombre]) VALUES (12, N'La Pampa')
INSERT [dbo].[Provincias] ([codProvincia], [nombre]) VALUES (13, N'La Rioja')
INSERT [dbo].[Provincias] ([codProvincia], [nombre]) VALUES (14, N'Mendoza')
INSERT [dbo].[Provincias] ([codProvincia], [nombre]) VALUES (15, N'Misiones')
INSERT [dbo].[Provincias] ([codProvincia], [nombre]) VALUES (16, N'Neuquén')
INSERT [dbo].[Provincias] ([codProvincia], [nombre]) VALUES (17, N'Río Negro')
INSERT [dbo].[Provincias] ([codProvincia], [nombre]) VALUES (18, N'Salta')
INSERT [dbo].[Provincias] ([codProvincia], [nombre]) VALUES (19, N'San Juan')
INSERT [dbo].[Provincias] ([codProvincia], [nombre]) VALUES (20, N'San Luis')
INSERT [dbo].[Provincias] ([codProvincia], [nombre]) VALUES (21, N'Santa Cruz')
INSERT [dbo].[Provincias] ([codProvincia], [nombre]) VALUES (22, N'Santa Fe')
INSERT [dbo].[Provincias] ([codProvincia], [nombre]) VALUES (23, N'Santiago del Estero')
INSERT [dbo].[Provincias] ([codProvincia], [nombre]) VALUES (24, N'Tierra del Fuego')
INSERT [dbo].[Provincias] ([codProvincia], [nombre]) VALUES (25, N'Tucumán')
/****** Object:  Table [dbo].[Formularios]    Script Date: 11/08/2017 08:40:22 ******/
SET ANSI_NULLS ON
GO
SET QUOTED_IDENTIFIER ON
GO
CREATE TABLE [dbo].[Formularios](
	[idFormulario] [int] NOT NULL,
	[nombre] [nvarchar](50) NOT NULL,
 CONSTRAINT [PK_Formularios] PRIMARY KEY CLUSTERED 
(
	[idFormulario] ASC
)WITH (PAD_INDEX  = OFF, STATISTICS_NORECOMPUTE  = OFF, IGNORE_DUP_KEY = OFF, ALLOW_ROW_LOCKS  = ON, ALLOW_PAGE_LOCKS  = ON) ON [PRIMARY]
) ON [PRIMARY]
GO
/****** Object:  Table [dbo].[Perfiles]    Script Date: 11/08/2017 08:40:22 ******/
SET ANSI_NULLS ON
GO
SET QUOTED_IDENTIFIER ON
GO
SET ANSI_PADDING ON
GO
CREATE TABLE [dbo].[Perfiles](
	[idPerfil] [int] NOT NULL,
	[nombre] [varchar](50) NOT NULL,
 CONSTRAINT [PK_Perfiles] PRIMARY KEY CLUSTERED 
(
	[idPerfil] ASC
)WITH (PAD_INDEX  = OFF, STATISTICS_NORECOMPUTE  = OFF, IGNORE_DUP_KEY = OFF, ALLOW_ROW_LOCKS  = ON, ALLOW_PAGE_LOCKS  = ON) ON [PRIMARY]
) ON [PRIMARY]
GO
SET ANSI_PADDING OFF
GO
INSERT [dbo].[Perfiles] ([idPerfil], [nombre]) VALUES (1, N'Administrador')
INSERT [dbo].[Perfiles] ([idPerfil], [nombre]) VALUES (2, N'Desarrollador')
INSERT [dbo].[Perfiles] ([idPerfil], [nombre]) VALUES (3, N'Tester')
/****** Object:  Table [dbo].[Productos]    Script Date: 11/08/2017 08:40:22 ******/
SET ANSI_NULLS ON
GO
SET QUOTED_IDENTIFIER ON
GO
SET ANSI_PADDING ON
GO
CREATE TABLE [dbo].[Productos](
	[codProducto] [varchar](50) NOT NULL,
	[codTipoProducto] [int] NOT NULL,
	[nombre] [nvarchar](50) NOT NULL,
	[descripcion] [nvarchar](50) NULL,
	[stockActual] [int] NOT NULL,
	[stockMax] [int] NOT NULL,
	[stockMin] [int] NOT NULL,
	[codUnidadMedida] [int] NOT NULL,
	[precioVenta] [int] NOT NULL,
	[bajaLogica] [bit] NOT NULL,
	[fechaAlta] [date] NOT NULL,
 CONSTRAINT [PK_Productos] PRIMARY KEY CLUSTERED 
(
	[codProducto] ASC,
	[codTipoProducto] ASC
)WITH (PAD_INDEX  = OFF, STATISTICS_NORECOMPUTE  = OFF, IGNORE_DUP_KEY = OFF, ALLOW_ROW_LOCKS  = ON, ALLOW_PAGE_LOCKS  = ON) ON [PRIMARY]
) ON [PRIMARY]
GO
SET ANSI_PADDING OFF
GO
INSERT [dbo].[Productos] ([codProducto], [codTipoProducto], [nombre], [descripcion], [stockActual], [stockMax], [stockMin], [codUnidadMedida], [precioVenta], [bajaLogica], [fechaAlta]) VALUES (N'AJICM', 1, N'Aji Cayena Molido', N'Aji Cayena Molido color amarillo', 70, 200, 20, 1, 114, 0, CAST(0x7A3D0B00 AS Date))
INSERT [dbo].[Productos] ([codProducto], [codTipoProducto], [nombre], [descripcion], [stockActual], [stockMax], [stockMin], [codUnidadMedida], [precioVenta], [bajaLogica], [fechaAlta]) VALUES (N'AJIMM', 1, N'Aji Mortero Molido', N'Aji Mortero Molido color rojo', 87, 200, 20, 1, 87, 0, CAST(0x7A3D0B00 AS Date))
INSERT [dbo].[Productos] ([codProducto], [codTipoProducto], [nombre], [descripcion], [stockActual], [stockMax], [stockMin], [codUnidadMedida], [precioVenta], [bajaLogica], [fechaAlta]) VALUES (N'AJOPA', 1, N'Ajo Partido', N'Ajo Partido', 120, 200, 20, 1, 235, 0, CAST(0x7A3D0B00 AS Date))
INSERT [dbo].[Productos] ([codProducto], [codTipoProducto], [nombre], [descripcion], [stockActual], [stockMax], [stockMin], [codUnidadMedida], [precioVenta], [bajaLogica], [fechaAlta]) VALUES (N'AJOPO', 1, N'Ajo en Polvo', N'Ajo en Polvo', 56, 200, 20, 1, 97, 0, CAST(0x7A3D0B00 AS Date))
INSERT [dbo].[Productos] ([codProducto], [codTipoProducto], [nombre], [descripcion], [stockActual], [stockMax], [stockMin], [codUnidadMedida], [precioVenta], [bajaLogica], [fechaAlta]) VALUES (N'ALB', 1, N'Albahaca', N'Albahaca', 100, 200, 20, 1, 133, 0, CAST(0x7A3D0B00 AS Date))
INSERT [dbo].[Productos] ([codProducto], [codTipoProducto], [nombre], [descripcion], [stockActual], [stockMax], [stockMin], [codUnidadMedida], [precioVenta], [bajaLogica], [fechaAlta]) VALUES (N'MSS', 1, N'Mezcla Serrana Sin Sal  x200grs', N'Envase de 200 gramos de Mezcla Serrana Sin Sal', 100, 200, 20, 3, 26, 0, CAST(0x7A3D0B00 AS Date))
INSERT [dbo].[Productos] ([codProducto], [codTipoProducto], [nombre], [descripcion], [stockActual], [stockMax], [stockMin], [codUnidadMedida], [precioVenta], [bajaLogica], [fechaAlta]) VALUES (N'NUEZMO', 1, N'Nuez Moscada (Entera)', N'Nuez Moscada Entera', 150, 200, 20, 1, -20, 1, CAST(0x7E3D0B00 AS Date))
INSERT [dbo].[Productos] ([codProducto], [codTipoProducto], [nombre], [descripcion], [stockActual], [stockMax], [stockMin], [codUnidadMedida], [precioVenta], [bajaLogica], [fechaAlta]) VALUES (N'NUEZMOs', 1, N'Nuez Moscada (Entera)', N'Nuez Moscada Entera', 150, 200, -20, 1, 20, 1, CAST(0x7E3D0B00 AS Date))
INSERT [dbo].[Productos] ([codProducto], [codTipoProducto], [nombre], [descripcion], [stockActual], [stockMax], [stockMin], [codUnidadMedida], [precioVenta], [bajaLogica], [fechaAlta]) VALUES (N'PIMBG', 1, N'Pimienta Blanca en Grano', N'Pimienta Blanca en Grano', 75, 200, 20, 1, 633, 0, CAST(0x7A3D0B00 AS Date))
INSERT [dbo].[Productos] ([codProducto], [codTipoProducto], [nombre], [descripcion], [stockActual], [stockMax], [stockMin], [codUnidadMedida], [precioVenta], [bajaLogica], [fechaAlta]) VALUES (N'PIMBM', 1, N'Pimienta Blanca Molida', N'Pimienta Blanca Molida', 64, 200, 20, 1, 303, 0, CAST(0x7A3D0B00 AS Date))
INSERT [dbo].[Productos] ([codProducto], [codTipoProducto], [nombre], [descripcion], [stockActual], [stockMax], [stockMin], [codUnidadMedida], [precioVenta], [bajaLogica], [fechaAlta]) VALUES (N'PIMNG', 1, N'Pimienta Negra en Grano', N'Pimienta Negra en Grano', 100, 200, 20, 1, 430, 0, CAST(0x7A3D0B00 AS Date))
INSERT [dbo].[Productos] ([codProducto], [codTipoProducto], [nombre], [descripcion], [stockActual], [stockMax], [stockMin], [codUnidadMedida], [precioVenta], [bajaLogica], [fechaAlta]) VALUES (N'PIMNM', 1, N'Pimienta Negra Molida', N'Pimienta Negra Molida', 14, 200, 20, 1, 268, 0, CAST(0x7A3D0B00 AS Date))
INSERT [dbo].[Productos] ([codProducto], [codTipoProducto], [nombre], [descripcion], [stockActual], [stockMax], [stockMin], [codUnidadMedida], [precioVenta], [bajaLogica], [fechaAlta]) VALUES (N'PROTEXS', 1, N'Proteina Texturizada de Soja', N'Proteina Texturizada de Soja', 36, 200, 20, 1, 109, 0, CAST(0x7A3D0B00 AS Date))
INSERT [dbo].[Productos] ([codProducto], [codTipoProducto], [nombre], [descripcion], [stockActual], [stockMax], [stockMin], [codUnidadMedida], [precioVenta], [bajaLogica], [fechaAlta]) VALUES (N'PROV', 1, N'Provenzal', N'Provenzal', 100, 200, 20, 1, 163, 0, CAST(0x7A3D0B00 AS Date))
INSERT [dbo].[Productos] ([codProducto], [codTipoProducto], [nombre], [descripcion], [stockActual], [stockMax], [stockMin], [codUnidadMedida], [precioVenta], [bajaLogica], [fechaAlta]) VALUES (N'ROM', 1, N'Romero', N'Romero', 75, 200, 20, 1, 138, 0, CAST(0x7A3D0B00 AS Date))
INSERT [dbo].[Productos] ([codProducto], [codTipoProducto], [nombre], [descripcion], [stockActual], [stockMax], [stockMin], [codUnidadMedida], [precioVenta], [bajaLogica], [fechaAlta]) VALUES (N'SSAHU', 1, N'Sal Serrana Ahumada x300grs', N'Envase de 300 gramos de Sal Serrana Ahumada', 100, 200, 20, 3, 34, 0, CAST(0x7A3D0B00 AS Date))
INSERT [dbo].[Productos] ([codProducto], [codTipoProducto], [nombre], [descripcion], [stockActual], [stockMax], [stockMin], [codUnidadMedida], [precioVenta], [bajaLogica], [fechaAlta]) VALUES (N'SSCLA', 1, N'Sal Serrana Clasica x300grs', N'Envase de 300 gramos de Sal Serrana Clasica', 39, 200, 20, 3, 20, 0, CAST(0x7A3D0B00 AS Date))
INSERT [dbo].[Productos] ([codProducto], [codTipoProducto], [nombre], [descripcion], [stockActual], [stockMax], [stockMin], [codUnidadMedida], [precioVenta], [bajaLogica], [fechaAlta]) VALUES (N'SSLIGHT', 1, N'Sal Serrana Light x300grs', N'Envase de 300 gramos de Sal Serrana Light', 100, 200, 20, 3, 30, 0, CAST(0x7A3D0B00 AS Date))
INSERT [dbo].[Productos] ([codProducto], [codTipoProducto], [nombre], [descripcion], [stockActual], [stockMax], [stockMin], [codUnidadMedida], [precioVenta], [bajaLogica], [fechaAlta]) VALUES (N'SSPIC', 1, N'Sal Serrana Picante x300grs', N'Envase de 300 gramos de Sal Serrana Picante', 55, 200, 20, 3, 30, 0, CAST(0x7A3D0B00 AS Date))
INSERT [dbo].[Productos] ([codProducto], [codTipoProducto], [nombre], [descripcion], [stockActual], [stockMax], [stockMin], [codUnidadMedida], [precioVenta], [bajaLogica], [fechaAlta]) VALUES (N'TOM', 1, N'Tomillo', N'Tomillo', 60, 200, 20, 1, 148, 0, CAST(0x7A3D0B00 AS Date))
/****** Object:  Table [dbo].[Permisos]    Script Date: 11/08/2017 08:40:22 ******/
SET ANSI_NULLS ON
GO
SET QUOTED_IDENTIFIER ON
GO
CREATE TABLE [dbo].[Permisos](
	[idFormulario] [int] NOT NULL,
	[idPerfil] [int] NOT NULL,
 CONSTRAINT [PK_Permisos] PRIMARY KEY CLUSTERED 
(
	[idFormulario] ASC,
	[idPerfil] ASC
)WITH (PAD_INDEX  = OFF, STATISTICS_NORECOMPUTE  = OFF, IGNORE_DUP_KEY = OFF, ALLOW_ROW_LOCKS  = ON, ALLOW_PAGE_LOCKS  = ON) ON [PRIMARY]
) ON [PRIMARY]
GO
/****** Object:  Table [dbo].[Localidades]    Script Date: 11/08/2017 08:40:22 ******/
SET ANSI_NULLS ON
GO
SET QUOTED_IDENTIFIER ON
GO
CREATE TABLE [dbo].[Localidades](
	[codLocalidad] [int] NOT NULL,
	[nombre] [nvarchar](50) NULL,
	[codProvincia] [int] NULL,
 CONSTRAINT [PK_Localidades] PRIMARY KEY CLUSTERED 
(
	[codLocalidad] ASC
)WITH (PAD_INDEX  = OFF, STATISTICS_NORECOMPUTE  = OFF, IGNORE_DUP_KEY = OFF, ALLOW_ROW_LOCKS  = ON, ALLOW_PAGE_LOCKS  = ON) ON [PRIMARY]
) ON [PRIMARY]
GO
INSERT [dbo].[Localidades] ([codLocalidad], [nombre], [codProvincia]) VALUES (1, N'25 de Mayo', 1)
INSERT [dbo].[Localidades] ([codLocalidad], [nombre], [codProvincia]) VALUES (2, N'3 de febrero', 1)
INSERT [dbo].[Localidades] ([codLocalidad], [nombre], [codProvincia]) VALUES (3, N'A. Alsina', 1)
INSERT [dbo].[Localidades] ([codLocalidad], [nombre], [codProvincia]) VALUES (4, N'A. Gonzáles Cháves', 1)
INSERT [dbo].[Localidades] ([codLocalidad], [nombre], [codProvincia]) VALUES (5, N'Aguas Verdes', 1)
INSERT [dbo].[Localidades] ([codLocalidad], [nombre], [codProvincia]) VALUES (6, N'Alberti', 1)
INSERT [dbo].[Localidades] ([codLocalidad], [nombre], [codProvincia]) VALUES (7, N'Arrecifes', 1)
INSERT [dbo].[Localidades] ([codLocalidad], [nombre], [codProvincia]) VALUES (8, N'Ayacucho', 1)
INSERT [dbo].[Localidades] ([codLocalidad], [nombre], [codProvincia]) VALUES (9, N'Azul', 1)
INSERT [dbo].[Localidades] ([codLocalidad], [nombre], [codProvincia]) VALUES (10, N'Bahía Blanca', 1)
INSERT [dbo].[Localidades] ([codLocalidad], [nombre], [codProvincia]) VALUES (11, N'Balcarce', 1)
INSERT [dbo].[Localidades] ([codLocalidad], [nombre], [codProvincia]) VALUES (12, N'Baradero', 1)
INSERT [dbo].[Localidades] ([codLocalidad], [nombre], [codProvincia]) VALUES (13, N'Benito Juárez', 1)
INSERT [dbo].[Localidades] ([codLocalidad], [nombre], [codProvincia]) VALUES (14, N'Berisso', 1)
INSERT [dbo].[Localidades] ([codLocalidad], [nombre], [codProvincia]) VALUES (15, N'Bolívar', 1)
INSERT [dbo].[Localidades] ([codLocalidad], [nombre], [codProvincia]) VALUES (16, N'Bragado', 1)
INSERT [dbo].[Localidades] ([codLocalidad], [nombre], [codProvincia]) VALUES (17, N'Brandsen', 1)
INSERT [dbo].[Localidades] ([codLocalidad], [nombre], [codProvincia]) VALUES (18, N'Campana', 1)
INSERT [dbo].[Localidades] ([codLocalidad], [nombre], [codProvincia]) VALUES (19, N'Cañuelas', 1)
INSERT [dbo].[Localidades] ([codLocalidad], [nombre], [codProvincia]) VALUES (20, N'Capilla del Señor', 1)
INSERT [dbo].[Localidades] ([codLocalidad], [nombre], [codProvincia]) VALUES (21, N'Capitán Sarmiento', 1)
INSERT [dbo].[Localidades] ([codLocalidad], [nombre], [codProvincia]) VALUES (22, N'Carapachay', 1)
INSERT [dbo].[Localidades] ([codLocalidad], [nombre], [codProvincia]) VALUES (23, N'Carhue', 1)
INSERT [dbo].[Localidades] ([codLocalidad], [nombre], [codProvincia]) VALUES (24, N'Cariló', 1)
INSERT [dbo].[Localidades] ([codLocalidad], [nombre], [codProvincia]) VALUES (25, N'Carlos Casares', 1)
INSERT [dbo].[Localidades] ([codLocalidad], [nombre], [codProvincia]) VALUES (26, N'Carlos Tejedor', 1)
INSERT [dbo].[Localidades] ([codLocalidad], [nombre], [codProvincia]) VALUES (27, N'Carmen de Areco', 1)
INSERT [dbo].[Localidades] ([codLocalidad], [nombre], [codProvincia]) VALUES (28, N'Carmen de Patagones', 1)
INSERT [dbo].[Localidades] ([codLocalidad], [nombre], [codProvincia]) VALUES (29, N'Castelli', 1)
INSERT [dbo].[Localidades] ([codLocalidad], [nombre], [codProvincia]) VALUES (30, N'Chacabuco', 1)
INSERT [dbo].[Localidades] ([codLocalidad], [nombre], [codProvincia]) VALUES (31, N'Chascomús', 1)
INSERT [dbo].[Localidades] ([codLocalidad], [nombre], [codProvincia]) VALUES (32, N'Chivilcoy', 1)
INSERT [dbo].[Localidades] ([codLocalidad], [nombre], [codProvincia]) VALUES (33, N'Colón', 1)
INSERT [dbo].[Localidades] ([codLocalidad], [nombre], [codProvincia]) VALUES (34, N'Coronel Dorrego', 1)
INSERT [dbo].[Localidades] ([codLocalidad], [nombre], [codProvincia]) VALUES (35, N'Coronel Pringles', 1)
INSERT [dbo].[Localidades] ([codLocalidad], [nombre], [codProvincia]) VALUES (36, N'Coronel Rosales', 1)
INSERT [dbo].[Localidades] ([codLocalidad], [nombre], [codProvincia]) VALUES (37, N'Coronel Suarez', 1)
INSERT [dbo].[Localidades] ([codLocalidad], [nombre], [codProvincia]) VALUES (38, N'Costa Azul', 1)
INSERT [dbo].[Localidades] ([codLocalidad], [nombre], [codProvincia]) VALUES (39, N'Costa Chica', 1)
INSERT [dbo].[Localidades] ([codLocalidad], [nombre], [codProvincia]) VALUES (40, N'Costa del Este', 1)
INSERT [dbo].[Localidades] ([codLocalidad], [nombre], [codProvincia]) VALUES (41, N'Costa Esmeralda', 1)
INSERT [dbo].[Localidades] ([codLocalidad], [nombre], [codProvincia]) VALUES (42, N'Daireaux', 1)
INSERT [dbo].[Localidades] ([codLocalidad], [nombre], [codProvincia]) VALUES (43, N'Darregueira', 1)
INSERT [dbo].[Localidades] ([codLocalidad], [nombre], [codProvincia]) VALUES (44, N'Del Viso', 1)
INSERT [dbo].[Localidades] ([codLocalidad], [nombre], [codProvincia]) VALUES (45, N'Dolores', 1)
INSERT [dbo].[Localidades] ([codLocalidad], [nombre], [codProvincia]) VALUES (46, N'Don Torcuato', 1)
INSERT [dbo].[Localidades] ([codLocalidad], [nombre], [codProvincia]) VALUES (47, N'Ensenada', 1)
INSERT [dbo].[Localidades] ([codLocalidad], [nombre], [codProvincia]) VALUES (48, N'Escobar', 1)
INSERT [dbo].[Localidades] ([codLocalidad], [nombre], [codProvincia]) VALUES (49, N'Exaltación de la Cruz', 1)
INSERT [dbo].[Localidades] ([codLocalidad], [nombre], [codProvincia]) VALUES (50, N'Florentino Ameghino', 1)
INSERT [dbo].[Localidades] ([codLocalidad], [nombre], [codProvincia]) VALUES (51, N'Garín', 1)
INSERT [dbo].[Localidades] ([codLocalidad], [nombre], [codProvincia]) VALUES (52, N'Gral. Alvarado', 1)
INSERT [dbo].[Localidades] ([codLocalidad], [nombre], [codProvincia]) VALUES (53, N'Gral. Alvear', 1)
INSERT [dbo].[Localidades] ([codLocalidad], [nombre], [codProvincia]) VALUES (54, N'Gral. Arenales', 1)
INSERT [dbo].[Localidades] ([codLocalidad], [nombre], [codProvincia]) VALUES (55, N'Gral. Belgrano', 1)
INSERT [dbo].[Localidades] ([codLocalidad], [nombre], [codProvincia]) VALUES (56, N'Gral. Guido', 1)
INSERT [dbo].[Localidades] ([codLocalidad], [nombre], [codProvincia]) VALUES (57, N'Gral. Lamadrid', 1)
INSERT [dbo].[Localidades] ([codLocalidad], [nombre], [codProvincia]) VALUES (58, N'Gral. Las Heras', 1)
INSERT [dbo].[Localidades] ([codLocalidad], [nombre], [codProvincia]) VALUES (59, N'Gral. Lavalle', 1)
INSERT [dbo].[Localidades] ([codLocalidad], [nombre], [codProvincia]) VALUES (60, N'Gral. Madariaga', 1)
INSERT [dbo].[Localidades] ([codLocalidad], [nombre], [codProvincia]) VALUES (61, N'Gral. Pacheco', 1)
INSERT [dbo].[Localidades] ([codLocalidad], [nombre], [codProvincia]) VALUES (62, N'Gral. Paz', 1)
INSERT [dbo].[Localidades] ([codLocalidad], [nombre], [codProvincia]) VALUES (63, N'Gral. Pinto', 1)
INSERT [dbo].[Localidades] ([codLocalidad], [nombre], [codProvincia]) VALUES (64, N'Gral. Pueyrredón', 1)
INSERT [dbo].[Localidades] ([codLocalidad], [nombre], [codProvincia]) VALUES (65, N'Gral. Rodríguez', 1)
INSERT [dbo].[Localidades] ([codLocalidad], [nombre], [codProvincia]) VALUES (66, N'Gral. Viamonte', 1)
INSERT [dbo].[Localidades] ([codLocalidad], [nombre], [codProvincia]) VALUES (67, N'Gral. Villegas', 1)
INSERT [dbo].[Localidades] ([codLocalidad], [nombre], [codProvincia]) VALUES (68, N'Guaminí', 1)
INSERT [dbo].[Localidades] ([codLocalidad], [nombre], [codProvincia]) VALUES (69, N'Guernica', 1)
INSERT [dbo].[Localidades] ([codLocalidad], [nombre], [codProvincia]) VALUES (70, N'Hipólito Yrigoyen', 1)
INSERT [dbo].[Localidades] ([codLocalidad], [nombre], [codProvincia]) VALUES (71, N'Ing. Maschwitz', 1)
INSERT [dbo].[Localidades] ([codLocalidad], [nombre], [codProvincia]) VALUES (72, N'Junín', 1)
INSERT [dbo].[Localidades] ([codLocalidad], [nombre], [codProvincia]) VALUES (73, N'La Plata', 1)
INSERT [dbo].[Localidades] ([codLocalidad], [nombre], [codProvincia]) VALUES (74, N'Laprida', 1)
INSERT [dbo].[Localidades] ([codLocalidad], [nombre], [codProvincia]) VALUES (75, N'Las Flores', 1)
INSERT [dbo].[Localidades] ([codLocalidad], [nombre], [codProvincia]) VALUES (76, N'Las Toninas', 1)
INSERT [dbo].[Localidades] ([codLocalidad], [nombre], [codProvincia]) VALUES (77, N'Leandro N. Alem', 1)
INSERT [dbo].[Localidades] ([codLocalidad], [nombre], [codProvincia]) VALUES (78, N'Lincoln', 1)
INSERT [dbo].[Localidades] ([codLocalidad], [nombre], [codProvincia]) VALUES (79, N'Loberia', 1)
INSERT [dbo].[Localidades] ([codLocalidad], [nombre], [codProvincia]) VALUES (80, N'Lobos', 1)
INSERT [dbo].[Localidades] ([codLocalidad], [nombre], [codProvincia]) VALUES (81, N'Los Cardales', 1)
INSERT [dbo].[Localidades] ([codLocalidad], [nombre], [codProvincia]) VALUES (82, N'Los Toldos', 1)
INSERT [dbo].[Localidades] ([codLocalidad], [nombre], [codProvincia]) VALUES (83, N'Lucila del Mar', 1)
INSERT [dbo].[Localidades] ([codLocalidad], [nombre], [codProvincia]) VALUES (84, N'Luján', 1)
INSERT [dbo].[Localidades] ([codLocalidad], [nombre], [codProvincia]) VALUES (85, N'Magdalena', 1)
INSERT [dbo].[Localidades] ([codLocalidad], [nombre], [codProvincia]) VALUES (86, N'Maipú', 1)
INSERT [dbo].[Localidades] ([codLocalidad], [nombre], [codProvincia]) VALUES (87, N'Mar Chiquita', 1)
INSERT [dbo].[Localidades] ([codLocalidad], [nombre], [codProvincia]) VALUES (88, N'Mar de Ajó', 1)
INSERT [dbo].[Localidades] ([codLocalidad], [nombre], [codProvincia]) VALUES (89, N'Mar de las Pampas', 1)
INSERT [dbo].[Localidades] ([codLocalidad], [nombre], [codProvincia]) VALUES (90, N'Mar del Plata', 1)
INSERT [dbo].[Localidades] ([codLocalidad], [nombre], [codProvincia]) VALUES (91, N'Mar del Tuyú', 1)
INSERT [dbo].[Localidades] ([codLocalidad], [nombre], [codProvincia]) VALUES (92, N'Marcos Paz', 1)
INSERT [dbo].[Localidades] ([codLocalidad], [nombre], [codProvincia]) VALUES (93, N'Mercedes', 1)
INSERT [dbo].[Localidades] ([codLocalidad], [nombre], [codProvincia]) VALUES (94, N'Miramar', 1)
INSERT [dbo].[Localidades] ([codLocalidad], [nombre], [codProvincia]) VALUES (95, N'Monte', 1)
INSERT [dbo].[Localidades] ([codLocalidad], [nombre], [codProvincia]) VALUES (96, N'Monte Hermoso', 1)
INSERT [dbo].[Localidades] ([codLocalidad], [nombre], [codProvincia]) VALUES (97, N'Munro', 1)
INSERT [dbo].[Localidades] ([codLocalidad], [nombre], [codProvincia]) VALUES (98, N'Navarro', 1)
INSERT [dbo].[Localidades] ([codLocalidad], [nombre], [codProvincia]) VALUES (99, N'Necochea', 1)
INSERT [dbo].[Localidades] ([codLocalidad], [nombre], [codProvincia]) VALUES (100, N'Olavarría', 1)
INSERT [dbo].[Localidades] ([codLocalidad], [nombre], [codProvincia]) VALUES (101, N'Partido de la Costa', 1)
GO
print 'Processed 100 total records'
INSERT [dbo].[Localidades] ([codLocalidad], [nombre], [codProvincia]) VALUES (102, N'Pehuajó', 1)
INSERT [dbo].[Localidades] ([codLocalidad], [nombre], [codProvincia]) VALUES (103, N'Pellegrini', 1)
INSERT [dbo].[Localidades] ([codLocalidad], [nombre], [codProvincia]) VALUES (104, N'Pergamino', 1)
INSERT [dbo].[Localidades] ([codLocalidad], [nombre], [codProvincia]) VALUES (105, N'Pigüé', 1)
INSERT [dbo].[Localidades] ([codLocalidad], [nombre], [codProvincia]) VALUES (106, N'Pila', 1)
INSERT [dbo].[Localidades] ([codLocalidad], [nombre], [codProvincia]) VALUES (107, N'Pilar', 1)
INSERT [dbo].[Localidades] ([codLocalidad], [nombre], [codProvincia]) VALUES (108, N'Pinamar', 1)
INSERT [dbo].[Localidades] ([codLocalidad], [nombre], [codProvincia]) VALUES (109, N'Pinar del Sol', 1)
INSERT [dbo].[Localidades] ([codLocalidad], [nombre], [codProvincia]) VALUES (110, N'Polvorines', 1)
INSERT [dbo].[Localidades] ([codLocalidad], [nombre], [codProvincia]) VALUES (111, N'Pte. Perón', 1)
INSERT [dbo].[Localidades] ([codLocalidad], [nombre], [codProvincia]) VALUES (112, N'Puán', 1)
INSERT [dbo].[Localidades] ([codLocalidad], [nombre], [codProvincia]) VALUES (113, N'Punta Indio', 1)
INSERT [dbo].[Localidades] ([codLocalidad], [nombre], [codProvincia]) VALUES (114, N'Ramallo', 1)
INSERT [dbo].[Localidades] ([codLocalidad], [nombre], [codProvincia]) VALUES (115, N'Rauch', 1)
INSERT [dbo].[Localidades] ([codLocalidad], [nombre], [codProvincia]) VALUES (116, N'Rivadavia', 1)
INSERT [dbo].[Localidades] ([codLocalidad], [nombre], [codProvincia]) VALUES (117, N'Rojas', 1)
INSERT [dbo].[Localidades] ([codLocalidad], [nombre], [codProvincia]) VALUES (118, N'Roque Pérez', 1)
INSERT [dbo].[Localidades] ([codLocalidad], [nombre], [codProvincia]) VALUES (119, N'Saavedra', 1)
INSERT [dbo].[Localidades] ([codLocalidad], [nombre], [codProvincia]) VALUES (120, N'Saladillo', 1)
INSERT [dbo].[Localidades] ([codLocalidad], [nombre], [codProvincia]) VALUES (121, N'Salliqueló', 1)
INSERT [dbo].[Localidades] ([codLocalidad], [nombre], [codProvincia]) VALUES (122, N'Salto', 1)
INSERT [dbo].[Localidades] ([codLocalidad], [nombre], [codProvincia]) VALUES (123, N'San Andrés de Giles', 1)
INSERT [dbo].[Localidades] ([codLocalidad], [nombre], [codProvincia]) VALUES (124, N'San Antonio de Areco', 1)
INSERT [dbo].[Localidades] ([codLocalidad], [nombre], [codProvincia]) VALUES (125, N'San Antonio de Padua', 1)
INSERT [dbo].[Localidades] ([codLocalidad], [nombre], [codProvincia]) VALUES (126, N'San Bernardo', 1)
INSERT [dbo].[Localidades] ([codLocalidad], [nombre], [codProvincia]) VALUES (127, N'San Cayetano', 1)
INSERT [dbo].[Localidades] ([codLocalidad], [nombre], [codProvincia]) VALUES (128, N'San Clemente del Tuyú', 1)
INSERT [dbo].[Localidades] ([codLocalidad], [nombre], [codProvincia]) VALUES (129, N'San Nicolás', 1)
INSERT [dbo].[Localidades] ([codLocalidad], [nombre], [codProvincia]) VALUES (130, N'San Pedro', 1)
INSERT [dbo].[Localidades] ([codLocalidad], [nombre], [codProvincia]) VALUES (131, N'San Vicente', 1)
INSERT [dbo].[Localidades] ([codLocalidad], [nombre], [codProvincia]) VALUES (132, N'Santa Teresita', 1)
INSERT [dbo].[Localidades] ([codLocalidad], [nombre], [codProvincia]) VALUES (133, N'Suipacha', 1)
INSERT [dbo].[Localidades] ([codLocalidad], [nombre], [codProvincia]) VALUES (134, N'Tandil', 1)
INSERT [dbo].[Localidades] ([codLocalidad], [nombre], [codProvincia]) VALUES (135, N'Tapalqué', 1)
INSERT [dbo].[Localidades] ([codLocalidad], [nombre], [codProvincia]) VALUES (136, N'Tordillo', 1)
INSERT [dbo].[Localidades] ([codLocalidad], [nombre], [codProvincia]) VALUES (137, N'Tornquist', 1)
INSERT [dbo].[Localidades] ([codLocalidad], [nombre], [codProvincia]) VALUES (138, N'Trenque Lauquen', 1)
INSERT [dbo].[Localidades] ([codLocalidad], [nombre], [codProvincia]) VALUES (139, N'Tres Lomas', 1)
INSERT [dbo].[Localidades] ([codLocalidad], [nombre], [codProvincia]) VALUES (140, N'Villa Gesell', 1)
INSERT [dbo].[Localidades] ([codLocalidad], [nombre], [codProvincia]) VALUES (141, N'Villarino', 1)
INSERT [dbo].[Localidades] ([codLocalidad], [nombre], [codProvincia]) VALUES (142, N'Zárate', 1)
INSERT [dbo].[Localidades] ([codLocalidad], [nombre], [codProvincia]) VALUES (143, N'11 de Septiembre', 2)
INSERT [dbo].[Localidades] ([codLocalidad], [nombre], [codProvincia]) VALUES (144, N'20 de Junio', 2)
INSERT [dbo].[Localidades] ([codLocalidad], [nombre], [codProvincia]) VALUES (145, N'25 de Mayo', 2)
INSERT [dbo].[Localidades] ([codLocalidad], [nombre], [codProvincia]) VALUES (146, N'Acassuso', 2)
INSERT [dbo].[Localidades] ([codLocalidad], [nombre], [codProvincia]) VALUES (147, N'Adrogué', 2)
INSERT [dbo].[Localidades] ([codLocalidad], [nombre], [codProvincia]) VALUES (148, N'Aldo Bonzi', 2)
INSERT [dbo].[Localidades] ([codLocalidad], [nombre], [codProvincia]) VALUES (149, N'Área Reserva Cinturón Ecológico', 2)
INSERT [dbo].[Localidades] ([codLocalidad], [nombre], [codProvincia]) VALUES (150, N'Avellaneda', 2)
INSERT [dbo].[Localidades] ([codLocalidad], [nombre], [codProvincia]) VALUES (151, N'Banfield', 2)
INSERT [dbo].[Localidades] ([codLocalidad], [nombre], [codProvincia]) VALUES (152, N'Barrio Parque', 2)
INSERT [dbo].[Localidades] ([codLocalidad], [nombre], [codProvincia]) VALUES (153, N'Barrio Santa Teresita', 2)
INSERT [dbo].[Localidades] ([codLocalidad], [nombre], [codProvincia]) VALUES (154, N'Beccar', 2)
INSERT [dbo].[Localidades] ([codLocalidad], [nombre], [codProvincia]) VALUES (155, N'Bella Vista', 2)
INSERT [dbo].[Localidades] ([codLocalidad], [nombre], [codProvincia]) VALUES (156, N'Berazategui', 2)
INSERT [dbo].[Localidades] ([codLocalidad], [nombre], [codProvincia]) VALUES (157, N'Bernal Este', 2)
INSERT [dbo].[Localidades] ([codLocalidad], [nombre], [codProvincia]) VALUES (158, N'Bernal Oeste', 2)
INSERT [dbo].[Localidades] ([codLocalidad], [nombre], [codProvincia]) VALUES (159, N'Billinghurst', 2)
INSERT [dbo].[Localidades] ([codLocalidad], [nombre], [codProvincia]) VALUES (160, N'Boulogne', 2)
INSERT [dbo].[Localidades] ([codLocalidad], [nombre], [codProvincia]) VALUES (161, N'Burzaco', 2)
INSERT [dbo].[Localidades] ([codLocalidad], [nombre], [codProvincia]) VALUES (162, N'Carapachay', 2)
INSERT [dbo].[Localidades] ([codLocalidad], [nombre], [codProvincia]) VALUES (163, N'Caseros', 2)
INSERT [dbo].[Localidades] ([codLocalidad], [nombre], [codProvincia]) VALUES (164, N'Castelar', 2)
INSERT [dbo].[Localidades] ([codLocalidad], [nombre], [codProvincia]) VALUES (165, N'Churruca', 2)
INSERT [dbo].[Localidades] ([codLocalidad], [nombre], [codProvincia]) VALUES (166, N'Ciudad Evita', 2)
INSERT [dbo].[Localidades] ([codLocalidad], [nombre], [codProvincia]) VALUES (167, N'Ciudad Madero', 2)
INSERT [dbo].[Localidades] ([codLocalidad], [nombre], [codProvincia]) VALUES (168, N'Ciudadela', 2)
INSERT [dbo].[Localidades] ([codLocalidad], [nombre], [codProvincia]) VALUES (169, N'Claypole', 2)
INSERT [dbo].[Localidades] ([codLocalidad], [nombre], [codProvincia]) VALUES (170, N'Crucecita', 2)
INSERT [dbo].[Localidades] ([codLocalidad], [nombre], [codProvincia]) VALUES (171, N'Dock Sud', 2)
INSERT [dbo].[Localidades] ([codLocalidad], [nombre], [codProvincia]) VALUES (172, N'Don Bosco', 2)
INSERT [dbo].[Localidades] ([codLocalidad], [nombre], [codProvincia]) VALUES (173, N'Don Orione', 2)
INSERT [dbo].[Localidades] ([codLocalidad], [nombre], [codProvincia]) VALUES (174, N'El Jagüel', 2)
INSERT [dbo].[Localidades] ([codLocalidad], [nombre], [codProvincia]) VALUES (175, N'El Libertador', 2)
INSERT [dbo].[Localidades] ([codLocalidad], [nombre], [codProvincia]) VALUES (176, N'El Palomar', 2)
INSERT [dbo].[Localidades] ([codLocalidad], [nombre], [codProvincia]) VALUES (177, N'El Tala', 2)
INSERT [dbo].[Localidades] ([codLocalidad], [nombre], [codProvincia]) VALUES (178, N'El Trébol', 2)
INSERT [dbo].[Localidades] ([codLocalidad], [nombre], [codProvincia]) VALUES (179, N'Ezeiza', 2)
INSERT [dbo].[Localidades] ([codLocalidad], [nombre], [codProvincia]) VALUES (180, N'Ezpeleta', 2)
INSERT [dbo].[Localidades] ([codLocalidad], [nombre], [codProvincia]) VALUES (181, N'Florencio Varela', 2)
INSERT [dbo].[Localidades] ([codLocalidad], [nombre], [codProvincia]) VALUES (182, N'Florida', 2)
INSERT [dbo].[Localidades] ([codLocalidad], [nombre], [codProvincia]) VALUES (183, N'Francisco Álvarez', 2)
INSERT [dbo].[Localidades] ([codLocalidad], [nombre], [codProvincia]) VALUES (184, N'Gerli', 2)
INSERT [dbo].[Localidades] ([codLocalidad], [nombre], [codProvincia]) VALUES (185, N'Glew', 2)
INSERT [dbo].[Localidades] ([codLocalidad], [nombre], [codProvincia]) VALUES (186, N'González Catán', 2)
INSERT [dbo].[Localidades] ([codLocalidad], [nombre], [codProvincia]) VALUES (187, N'Gral. Lamadrid', 2)
INSERT [dbo].[Localidades] ([codLocalidad], [nombre], [codProvincia]) VALUES (188, N'Grand Bourg', 2)
INSERT [dbo].[Localidades] ([codLocalidad], [nombre], [codProvincia]) VALUES (189, N'Gregorio de Laferrere', 2)
INSERT [dbo].[Localidades] ([codLocalidad], [nombre], [codProvincia]) VALUES (190, N'Guillermo Enrique Hudson', 2)
INSERT [dbo].[Localidades] ([codLocalidad], [nombre], [codProvincia]) VALUES (191, N'Haedo', 2)
INSERT [dbo].[Localidades] ([codLocalidad], [nombre], [codProvincia]) VALUES (192, N'Hurlingham', 2)
INSERT [dbo].[Localidades] ([codLocalidad], [nombre], [codProvincia]) VALUES (193, N'Ing. Sourdeaux', 2)
INSERT [dbo].[Localidades] ([codLocalidad], [nombre], [codProvincia]) VALUES (194, N'Isidro Casanova', 2)
INSERT [dbo].[Localidades] ([codLocalidad], [nombre], [codProvincia]) VALUES (195, N'Ituzaingó', 2)
INSERT [dbo].[Localidades] ([codLocalidad], [nombre], [codProvincia]) VALUES (196, N'José C. Paz', 2)
INSERT [dbo].[Localidades] ([codLocalidad], [nombre], [codProvincia]) VALUES (197, N'José Ingenieros', 2)
INSERT [dbo].[Localidades] ([codLocalidad], [nombre], [codProvincia]) VALUES (198, N'José Marmol', 2)
INSERT [dbo].[Localidades] ([codLocalidad], [nombre], [codProvincia]) VALUES (199, N'La Lucila', 2)
INSERT [dbo].[Localidades] ([codLocalidad], [nombre], [codProvincia]) VALUES (200, N'La Reja', 2)
INSERT [dbo].[Localidades] ([codLocalidad], [nombre], [codProvincia]) VALUES (201, N'La Tablada', 2)
INSERT [dbo].[Localidades] ([codLocalidad], [nombre], [codProvincia]) VALUES (202, N'Lanús', 2)
GO
print 'Processed 200 total records'
INSERT [dbo].[Localidades] ([codLocalidad], [nombre], [codProvincia]) VALUES (203, N'Llavallol', 2)
INSERT [dbo].[Localidades] ([codLocalidad], [nombre], [codProvincia]) VALUES (204, N'Loma Hermosa', 2)
INSERT [dbo].[Localidades] ([codLocalidad], [nombre], [codProvincia]) VALUES (205, N'Lomas de Zamora', 2)
INSERT [dbo].[Localidades] ([codLocalidad], [nombre], [codProvincia]) VALUES (206, N'Lomas del Millón', 2)
INSERT [dbo].[Localidades] ([codLocalidad], [nombre], [codProvincia]) VALUES (207, N'Lomas del Mirador', 2)
INSERT [dbo].[Localidades] ([codLocalidad], [nombre], [codProvincia]) VALUES (208, N'Longchamps', 2)
INSERT [dbo].[Localidades] ([codLocalidad], [nombre], [codProvincia]) VALUES (209, N'Los Polvorines', 2)
INSERT [dbo].[Localidades] ([codLocalidad], [nombre], [codProvincia]) VALUES (210, N'Luis Guillón', 2)
INSERT [dbo].[Localidades] ([codLocalidad], [nombre], [codProvincia]) VALUES (211, N'Malvinas Argentinas', 2)
INSERT [dbo].[Localidades] ([codLocalidad], [nombre], [codProvincia]) VALUES (212, N'Martín Coronado', 2)
INSERT [dbo].[Localidades] ([codLocalidad], [nombre], [codProvincia]) VALUES (213, N'Martínez', 2)
INSERT [dbo].[Localidades] ([codLocalidad], [nombre], [codProvincia]) VALUES (214, N'Merlo', 2)
INSERT [dbo].[Localidades] ([codLocalidad], [nombre], [codProvincia]) VALUES (215, N'Ministro Rivadavia', 2)
INSERT [dbo].[Localidades] ([codLocalidad], [nombre], [codProvincia]) VALUES (216, N'Monte Chingolo', 2)
INSERT [dbo].[Localidades] ([codLocalidad], [nombre], [codProvincia]) VALUES (217, N'Monte Grande', 2)
INSERT [dbo].[Localidades] ([codLocalidad], [nombre], [codProvincia]) VALUES (218, N'Moreno', 2)
INSERT [dbo].[Localidades] ([codLocalidad], [nombre], [codProvincia]) VALUES (219, N'Morón', 2)
INSERT [dbo].[Localidades] ([codLocalidad], [nombre], [codProvincia]) VALUES (220, N'Muñiz', 2)
INSERT [dbo].[Localidades] ([codLocalidad], [nombre], [codProvincia]) VALUES (221, N'Olivos', 2)
INSERT [dbo].[Localidades] ([codLocalidad], [nombre], [codProvincia]) VALUES (222, N'Pablo Nogués', 2)
INSERT [dbo].[Localidades] ([codLocalidad], [nombre], [codProvincia]) VALUES (223, N'Pablo Podestá', 2)
INSERT [dbo].[Localidades] ([codLocalidad], [nombre], [codProvincia]) VALUES (224, N'Paso del Rey', 2)
INSERT [dbo].[Localidades] ([codLocalidad], [nombre], [codProvincia]) VALUES (225, N'Pereyra', 2)
INSERT [dbo].[Localidades] ([codLocalidad], [nombre], [codProvincia]) VALUES (226, N'Piñeiro', 2)
INSERT [dbo].[Localidades] ([codLocalidad], [nombre], [codProvincia]) VALUES (227, N'Plátanos', 2)
INSERT [dbo].[Localidades] ([codLocalidad], [nombre], [codProvincia]) VALUES (228, N'Pontevedra', 2)
INSERT [dbo].[Localidades] ([codLocalidad], [nombre], [codProvincia]) VALUES (229, N'Quilmes', 2)
INSERT [dbo].[Localidades] ([codLocalidad], [nombre], [codProvincia]) VALUES (230, N'Rafael Calzada', 2)
INSERT [dbo].[Localidades] ([codLocalidad], [nombre], [codProvincia]) VALUES (231, N'Rafael Castillo', 2)
INSERT [dbo].[Localidades] ([codLocalidad], [nombre], [codProvincia]) VALUES (232, N'Ramos Mejía', 2)
INSERT [dbo].[Localidades] ([codLocalidad], [nombre], [codProvincia]) VALUES (233, N'Ranelagh', 2)
INSERT [dbo].[Localidades] ([codLocalidad], [nombre], [codProvincia]) VALUES (234, N'Remedios de Escalada', 2)
INSERT [dbo].[Localidades] ([codLocalidad], [nombre], [codProvincia]) VALUES (235, N'Sáenz Peña', 2)
INSERT [dbo].[Localidades] ([codLocalidad], [nombre], [codProvincia]) VALUES (236, N'San Antonio de Padua', 2)
INSERT [dbo].[Localidades] ([codLocalidad], [nombre], [codProvincia]) VALUES (237, N'San Fernando', 2)
INSERT [dbo].[Localidades] ([codLocalidad], [nombre], [codProvincia]) VALUES (238, N'San Francisco Solano', 2)
INSERT [dbo].[Localidades] ([codLocalidad], [nombre], [codProvincia]) VALUES (239, N'San Isidro', 2)
INSERT [dbo].[Localidades] ([codLocalidad], [nombre], [codProvincia]) VALUES (240, N'San José', 2)
INSERT [dbo].[Localidades] ([codLocalidad], [nombre], [codProvincia]) VALUES (241, N'San Justo', 2)
INSERT [dbo].[Localidades] ([codLocalidad], [nombre], [codProvincia]) VALUES (242, N'San Martín', 2)
INSERT [dbo].[Localidades] ([codLocalidad], [nombre], [codProvincia]) VALUES (243, N'San Miguel', 2)
INSERT [dbo].[Localidades] ([codLocalidad], [nombre], [codProvincia]) VALUES (244, N'Santos Lugares', 2)
INSERT [dbo].[Localidades] ([codLocalidad], [nombre], [codProvincia]) VALUES (245, N'Sarandí', 2)
INSERT [dbo].[Localidades] ([codLocalidad], [nombre], [codProvincia]) VALUES (246, N'Sourigues', 2)
INSERT [dbo].[Localidades] ([codLocalidad], [nombre], [codProvincia]) VALUES (247, N'Tapiales', 2)
INSERT [dbo].[Localidades] ([codLocalidad], [nombre], [codProvincia]) VALUES (248, N'Temperley', 2)
INSERT [dbo].[Localidades] ([codLocalidad], [nombre], [codProvincia]) VALUES (249, N'Tigre', 2)
INSERT [dbo].[Localidades] ([codLocalidad], [nombre], [codProvincia]) VALUES (250, N'Tortuguitas', 2)
INSERT [dbo].[Localidades] ([codLocalidad], [nombre], [codProvincia]) VALUES (251, N'Tristán Suárez', 2)
INSERT [dbo].[Localidades] ([codLocalidad], [nombre], [codProvincia]) VALUES (252, N'Trujui', 2)
INSERT [dbo].[Localidades] ([codLocalidad], [nombre], [codProvincia]) VALUES (253, N'Turdera', 2)
INSERT [dbo].[Localidades] ([codLocalidad], [nombre], [codProvincia]) VALUES (254, N'Valentín Alsina', 2)
INSERT [dbo].[Localidades] ([codLocalidad], [nombre], [codProvincia]) VALUES (255, N'Vicente López', 2)
INSERT [dbo].[Localidades] ([codLocalidad], [nombre], [codProvincia]) VALUES (256, N'Villa Adelina', 2)
INSERT [dbo].[Localidades] ([codLocalidad], [nombre], [codProvincia]) VALUES (257, N'Villa Ballester', 2)
INSERT [dbo].[Localidades] ([codLocalidad], [nombre], [codProvincia]) VALUES (258, N'Villa Bosch', 2)
INSERT [dbo].[Localidades] ([codLocalidad], [nombre], [codProvincia]) VALUES (259, N'Villa Caraza', 2)
INSERT [dbo].[Localidades] ([codLocalidad], [nombre], [codProvincia]) VALUES (260, N'Villa Celina', 2)
INSERT [dbo].[Localidades] ([codLocalidad], [nombre], [codProvincia]) VALUES (261, N'Villa Centenario', 2)
INSERT [dbo].[Localidades] ([codLocalidad], [nombre], [codProvincia]) VALUES (262, N'Villa de Mayo', 2)
INSERT [dbo].[Localidades] ([codLocalidad], [nombre], [codProvincia]) VALUES (263, N'Villa Diamante', 2)
INSERT [dbo].[Localidades] ([codLocalidad], [nombre], [codProvincia]) VALUES (264, N'Villa Domínico', 2)
INSERT [dbo].[Localidades] ([codLocalidad], [nombre], [codProvincia]) VALUES (265, N'Villa España', 2)
INSERT [dbo].[Localidades] ([codLocalidad], [nombre], [codProvincia]) VALUES (266, N'Villa Fiorito', 2)
INSERT [dbo].[Localidades] ([codLocalidad], [nombre], [codProvincia]) VALUES (267, N'Villa Guillermina', 2)
INSERT [dbo].[Localidades] ([codLocalidad], [nombre], [codProvincia]) VALUES (268, N'Villa Insuperable', 2)
INSERT [dbo].[Localidades] ([codLocalidad], [nombre], [codProvincia]) VALUES (269, N'Villa José León Suárez', 2)
INSERT [dbo].[Localidades] ([codLocalidad], [nombre], [codProvincia]) VALUES (270, N'Villa La Florida', 2)
INSERT [dbo].[Localidades] ([codLocalidad], [nombre], [codProvincia]) VALUES (271, N'Villa Luzuriaga', 2)
INSERT [dbo].[Localidades] ([codLocalidad], [nombre], [codProvincia]) VALUES (272, N'Villa Martelli', 2)
INSERT [dbo].[Localidades] ([codLocalidad], [nombre], [codProvincia]) VALUES (273, N'Villa Obrera', 2)
INSERT [dbo].[Localidades] ([codLocalidad], [nombre], [codProvincia]) VALUES (274, N'Villa Progreso', 2)
INSERT [dbo].[Localidades] ([codLocalidad], [nombre], [codProvincia]) VALUES (275, N'Villa Raffo', 2)
INSERT [dbo].[Localidades] ([codLocalidad], [nombre], [codProvincia]) VALUES (276, N'Villa Sarmiento', 2)
INSERT [dbo].[Localidades] ([codLocalidad], [nombre], [codProvincia]) VALUES (277, N'Villa Tesei', 2)
INSERT [dbo].[Localidades] ([codLocalidad], [nombre], [codProvincia]) VALUES (278, N'Villa Udaondo', 2)
INSERT [dbo].[Localidades] ([codLocalidad], [nombre], [codProvincia]) VALUES (279, N'Virrey del Pino', 2)
INSERT [dbo].[Localidades] ([codLocalidad], [nombre], [codProvincia]) VALUES (280, N'Wilde', 2)
INSERT [dbo].[Localidades] ([codLocalidad], [nombre], [codProvincia]) VALUES (281, N'William Morris', 2)
INSERT [dbo].[Localidades] ([codLocalidad], [nombre], [codProvincia]) VALUES (282, N'Agronomía', 3)
INSERT [dbo].[Localidades] ([codLocalidad], [nombre], [codProvincia]) VALUES (283, N'Almagro', 3)
INSERT [dbo].[Localidades] ([codLocalidad], [nombre], [codProvincia]) VALUES (284, N'Balvanera', 3)
INSERT [dbo].[Localidades] ([codLocalidad], [nombre], [codProvincia]) VALUES (285, N'Barracas', 3)
INSERT [dbo].[Localidades] ([codLocalidad], [nombre], [codProvincia]) VALUES (286, N'Belgrano', 3)
INSERT [dbo].[Localidades] ([codLocalidad], [nombre], [codProvincia]) VALUES (287, N'Boca', 3)
INSERT [dbo].[Localidades] ([codLocalidad], [nombre], [codProvincia]) VALUES (288, N'Boedo', 3)
INSERT [dbo].[Localidades] ([codLocalidad], [nombre], [codProvincia]) VALUES (289, N'Caballito', 3)
INSERT [dbo].[Localidades] ([codLocalidad], [nombre], [codProvincia]) VALUES (290, N'Chacarita', 3)
INSERT [dbo].[Localidades] ([codLocalidad], [nombre], [codProvincia]) VALUES (291, N'Coghlan', 3)
INSERT [dbo].[Localidades] ([codLocalidad], [nombre], [codProvincia]) VALUES (292, N'Colegiales', 3)
INSERT [dbo].[Localidades] ([codLocalidad], [nombre], [codProvincia]) VALUES (293, N'Constitución', 3)
INSERT [dbo].[Localidades] ([codLocalidad], [nombre], [codProvincia]) VALUES (294, N'Flores', 3)
INSERT [dbo].[Localidades] ([codLocalidad], [nombre], [codProvincia]) VALUES (295, N'Floresta', 3)
INSERT [dbo].[Localidades] ([codLocalidad], [nombre], [codProvincia]) VALUES (296, N'La Paternal', 3)
INSERT [dbo].[Localidades] ([codLocalidad], [nombre], [codProvincia]) VALUES (297, N'Liniers', 3)
INSERT [dbo].[Localidades] ([codLocalidad], [nombre], [codProvincia]) VALUES (298, N'Mataderos', 3)
INSERT [dbo].[Localidades] ([codLocalidad], [nombre], [codProvincia]) VALUES (299, N'Monserrat', 3)
INSERT [dbo].[Localidades] ([codLocalidad], [nombre], [codProvincia]) VALUES (300, N'Monte Castro', 3)
INSERT [dbo].[Localidades] ([codLocalidad], [nombre], [codProvincia]) VALUES (301, N'Nueva Pompeya', 3)
INSERT [dbo].[Localidades] ([codLocalidad], [nombre], [codProvincia]) VALUES (302, N'Núñez', 3)
INSERT [dbo].[Localidades] ([codLocalidad], [nombre], [codProvincia]) VALUES (303, N'Palermo', 3)
GO
print 'Processed 300 total records'
INSERT [dbo].[Localidades] ([codLocalidad], [nombre], [codProvincia]) VALUES (304, N'Parque Avellaneda', 3)
INSERT [dbo].[Localidades] ([codLocalidad], [nombre], [codProvincia]) VALUES (305, N'Parque Chacabuco', 3)
INSERT [dbo].[Localidades] ([codLocalidad], [nombre], [codProvincia]) VALUES (306, N'Parque Chas', 3)
INSERT [dbo].[Localidades] ([codLocalidad], [nombre], [codProvincia]) VALUES (307, N'Parque Patricios', 3)
INSERT [dbo].[Localidades] ([codLocalidad], [nombre], [codProvincia]) VALUES (308, N'Puerto Madero', 3)
INSERT [dbo].[Localidades] ([codLocalidad], [nombre], [codProvincia]) VALUES (309, N'Recoleta', 3)
INSERT [dbo].[Localidades] ([codLocalidad], [nombre], [codProvincia]) VALUES (310, N'Retiro', 3)
INSERT [dbo].[Localidades] ([codLocalidad], [nombre], [codProvincia]) VALUES (311, N'Saavedra', 3)
INSERT [dbo].[Localidades] ([codLocalidad], [nombre], [codProvincia]) VALUES (312, N'San Cristóbal', 3)
INSERT [dbo].[Localidades] ([codLocalidad], [nombre], [codProvincia]) VALUES (313, N'San Nicolás', 3)
INSERT [dbo].[Localidades] ([codLocalidad], [nombre], [codProvincia]) VALUES (314, N'San Telmo', 3)
INSERT [dbo].[Localidades] ([codLocalidad], [nombre], [codProvincia]) VALUES (315, N'Vélez Sársfield', 3)
INSERT [dbo].[Localidades] ([codLocalidad], [nombre], [codProvincia]) VALUES (316, N'Versalles', 3)
INSERT [dbo].[Localidades] ([codLocalidad], [nombre], [codProvincia]) VALUES (317, N'Villa Crespo', 3)
INSERT [dbo].[Localidades] ([codLocalidad], [nombre], [codProvincia]) VALUES (318, N'Villa del Parque', 3)
INSERT [dbo].[Localidades] ([codLocalidad], [nombre], [codProvincia]) VALUES (319, N'Villa Devoto', 3)
INSERT [dbo].[Localidades] ([codLocalidad], [nombre], [codProvincia]) VALUES (320, N'Villa Gral. Mitre', 3)
INSERT [dbo].[Localidades] ([codLocalidad], [nombre], [codProvincia]) VALUES (321, N'Villa Lugano', 3)
INSERT [dbo].[Localidades] ([codLocalidad], [nombre], [codProvincia]) VALUES (322, N'Villa Luro', 3)
INSERT [dbo].[Localidades] ([codLocalidad], [nombre], [codProvincia]) VALUES (323, N'Villa Ortúzar', 3)
INSERT [dbo].[Localidades] ([codLocalidad], [nombre], [codProvincia]) VALUES (324, N'Villa Pueyrredón', 3)
INSERT [dbo].[Localidades] ([codLocalidad], [nombre], [codProvincia]) VALUES (325, N'Villa Real', 3)
INSERT [dbo].[Localidades] ([codLocalidad], [nombre], [codProvincia]) VALUES (326, N'Villa Riachuelo', 3)
INSERT [dbo].[Localidades] ([codLocalidad], [nombre], [codProvincia]) VALUES (327, N'Villa Santa Rita', 3)
INSERT [dbo].[Localidades] ([codLocalidad], [nombre], [codProvincia]) VALUES (328, N'Villa Soldati', 3)
INSERT [dbo].[Localidades] ([codLocalidad], [nombre], [codProvincia]) VALUES (329, N'Villa Urquiza', 3)
INSERT [dbo].[Localidades] ([codLocalidad], [nombre], [codProvincia]) VALUES (330, N'Aconquija', 4)
INSERT [dbo].[Localidades] ([codLocalidad], [nombre], [codProvincia]) VALUES (331, N'Ancasti', 4)
INSERT [dbo].[Localidades] ([codLocalidad], [nombre], [codProvincia]) VALUES (332, N'Andalgalá', 4)
INSERT [dbo].[Localidades] ([codLocalidad], [nombre], [codProvincia]) VALUES (333, N'Antofagasta', 4)
INSERT [dbo].[Localidades] ([codLocalidad], [nombre], [codProvincia]) VALUES (334, N'Belén', 4)
INSERT [dbo].[Localidades] ([codLocalidad], [nombre], [codProvincia]) VALUES (335, N'Capayán', 4)
INSERT [dbo].[Localidades] ([codLocalidad], [nombre], [codProvincia]) VALUES (336, N'Capital', 4)
INSERT [dbo].[Localidades] ([codLocalidad], [nombre], [codProvincia]) VALUES (337, N'4', 4)
INSERT [dbo].[Localidades] ([codLocalidad], [nombre], [codProvincia]) VALUES (338, N'Corral Quemado', 4)
INSERT [dbo].[Localidades] ([codLocalidad], [nombre], [codProvincia]) VALUES (339, N'El Alto', 4)
INSERT [dbo].[Localidades] ([codLocalidad], [nombre], [codProvincia]) VALUES (340, N'El Rodeo', 4)
INSERT [dbo].[Localidades] ([codLocalidad], [nombre], [codProvincia]) VALUES (341, N'F.Mamerto Esquiú', 4)
INSERT [dbo].[Localidades] ([codLocalidad], [nombre], [codProvincia]) VALUES (342, N'Fiambalá', 4)
INSERT [dbo].[Localidades] ([codLocalidad], [nombre], [codProvincia]) VALUES (343, N'Hualfín', 4)
INSERT [dbo].[Localidades] ([codLocalidad], [nombre], [codProvincia]) VALUES (344, N'Huillapima', 4)
INSERT [dbo].[Localidades] ([codLocalidad], [nombre], [codProvincia]) VALUES (345, N'Icaño', 4)
INSERT [dbo].[Localidades] ([codLocalidad], [nombre], [codProvincia]) VALUES (346, N'La Puerta', 4)
INSERT [dbo].[Localidades] ([codLocalidad], [nombre], [codProvincia]) VALUES (347, N'Las Juntas', 4)
INSERT [dbo].[Localidades] ([codLocalidad], [nombre], [codProvincia]) VALUES (348, N'Londres', 4)
INSERT [dbo].[Localidades] ([codLocalidad], [nombre], [codProvincia]) VALUES (349, N'Los Altos', 4)
INSERT [dbo].[Localidades] ([codLocalidad], [nombre], [codProvincia]) VALUES (350, N'Los Varela', 4)
INSERT [dbo].[Localidades] ([codLocalidad], [nombre], [codProvincia]) VALUES (351, N'Mutquín', 4)
INSERT [dbo].[Localidades] ([codLocalidad], [nombre], [codProvincia]) VALUES (352, N'Paclín', 4)
INSERT [dbo].[Localidades] ([codLocalidad], [nombre], [codProvincia]) VALUES (353, N'Poman', 4)
INSERT [dbo].[Localidades] ([codLocalidad], [nombre], [codProvincia]) VALUES (354, N'Pozo de La Piedra', 4)
INSERT [dbo].[Localidades] ([codLocalidad], [nombre], [codProvincia]) VALUES (355, N'Puerta de Corral', 4)
INSERT [dbo].[Localidades] ([codLocalidad], [nombre], [codProvincia]) VALUES (356, N'Puerta San José', 4)
INSERT [dbo].[Localidades] ([codLocalidad], [nombre], [codProvincia]) VALUES (357, N'Recreo', 4)
INSERT [dbo].[Localidades] ([codLocalidad], [nombre], [codProvincia]) VALUES (358, N'S.F.V de 4', 4)
INSERT [dbo].[Localidades] ([codLocalidad], [nombre], [codProvincia]) VALUES (359, N'San Fernando', 4)
INSERT [dbo].[Localidades] ([codLocalidad], [nombre], [codProvincia]) VALUES (360, N'San Fernando del Valle', 4)
INSERT [dbo].[Localidades] ([codLocalidad], [nombre], [codProvincia]) VALUES (361, N'San José', 4)
INSERT [dbo].[Localidades] ([codLocalidad], [nombre], [codProvincia]) VALUES (362, N'Santa María', 4)
INSERT [dbo].[Localidades] ([codLocalidad], [nombre], [codProvincia]) VALUES (363, N'Santa Rosa', 4)
INSERT [dbo].[Localidades] ([codLocalidad], [nombre], [codProvincia]) VALUES (364, N'Saujil', 4)
INSERT [dbo].[Localidades] ([codLocalidad], [nombre], [codProvincia]) VALUES (365, N'Tapso', 4)
INSERT [dbo].[Localidades] ([codLocalidad], [nombre], [codProvincia]) VALUES (366, N'Tinogasta', 4)
INSERT [dbo].[Localidades] ([codLocalidad], [nombre], [codProvincia]) VALUES (367, N'Valle Viejo', 4)
INSERT [dbo].[Localidades] ([codLocalidad], [nombre], [codProvincia]) VALUES (368, N'Villa Vil', 4)
INSERT [dbo].[Localidades] ([codLocalidad], [nombre], [codProvincia]) VALUES (369, N'Aviá Teraí', 5)
INSERT [dbo].[Localidades] ([codLocalidad], [nombre], [codProvincia]) VALUES (370, N'Barranqueras', 5)
INSERT [dbo].[Localidades] ([codLocalidad], [nombre], [codProvincia]) VALUES (371, N'Basail', 5)
INSERT [dbo].[Localidades] ([codLocalidad], [nombre], [codProvincia]) VALUES (372, N'Campo Largo', 5)
INSERT [dbo].[Localidades] ([codLocalidad], [nombre], [codProvincia]) VALUES (373, N'Capital', 5)
INSERT [dbo].[Localidades] ([codLocalidad], [nombre], [codProvincia]) VALUES (374, N'Capitán Solari', 5)
INSERT [dbo].[Localidades] ([codLocalidad], [nombre], [codProvincia]) VALUES (375, N'Charadai', 5)
INSERT [dbo].[Localidades] ([codLocalidad], [nombre], [codProvincia]) VALUES (376, N'Charata', 5)
INSERT [dbo].[Localidades] ([codLocalidad], [nombre], [codProvincia]) VALUES (377, N'Chorotis', 5)
INSERT [dbo].[Localidades] ([codLocalidad], [nombre], [codProvincia]) VALUES (378, N'Ciervo Petiso', 5)
INSERT [dbo].[Localidades] ([codLocalidad], [nombre], [codProvincia]) VALUES (379, N'Cnel. Du Graty', 5)
INSERT [dbo].[Localidades] ([codLocalidad], [nombre], [codProvincia]) VALUES (380, N'Col. Benítez', 5)
INSERT [dbo].[Localidades] ([codLocalidad], [nombre], [codProvincia]) VALUES (381, N'Col. Elisa', 5)
INSERT [dbo].[Localidades] ([codLocalidad], [nombre], [codProvincia]) VALUES (382, N'Col. Popular', 5)
INSERT [dbo].[Localidades] ([codLocalidad], [nombre], [codProvincia]) VALUES (383, N'Colonias Unidas', 5)
INSERT [dbo].[Localidades] ([codLocalidad], [nombre], [codProvincia]) VALUES (384, N'Concepción', 5)
INSERT [dbo].[Localidades] ([codLocalidad], [nombre], [codProvincia]) VALUES (385, N'Corzuela', 5)
INSERT [dbo].[Localidades] ([codLocalidad], [nombre], [codProvincia]) VALUES (386, N'Cote Lai', 5)
INSERT [dbo].[Localidades] ([codLocalidad], [nombre], [codProvincia]) VALUES (387, N'El Sauzalito', 5)
INSERT [dbo].[Localidades] ([codLocalidad], [nombre], [codProvincia]) VALUES (388, N'Enrique Urien', 5)
INSERT [dbo].[Localidades] ([codLocalidad], [nombre], [codProvincia]) VALUES (389, N'Fontana', 5)
INSERT [dbo].[Localidades] ([codLocalidad], [nombre], [codProvincia]) VALUES (390, N'Fte. Esperanza', 5)
INSERT [dbo].[Localidades] ([codLocalidad], [nombre], [codProvincia]) VALUES (391, N'Gancedo', 5)
INSERT [dbo].[Localidades] ([codLocalidad], [nombre], [codProvincia]) VALUES (392, N'Gral. Capdevila', 5)
INSERT [dbo].[Localidades] ([codLocalidad], [nombre], [codProvincia]) VALUES (393, N'Gral. Pinero', 5)
INSERT [dbo].[Localidades] ([codLocalidad], [nombre], [codProvincia]) VALUES (394, N'Gral. San Martín', 5)
INSERT [dbo].[Localidades] ([codLocalidad], [nombre], [codProvincia]) VALUES (395, N'Gral. Vedia', 5)
INSERT [dbo].[Localidades] ([codLocalidad], [nombre], [codProvincia]) VALUES (396, N'Hermoso Campo', 5)
INSERT [dbo].[Localidades] ([codLocalidad], [nombre], [codProvincia]) VALUES (397, N'I. del Cerrito', 5)
INSERT [dbo].[Localidades] ([codLocalidad], [nombre], [codProvincia]) VALUES (398, N'J.J. Castelli', 5)
INSERT [dbo].[Localidades] ([codLocalidad], [nombre], [codProvincia]) VALUES (399, N'La Clotilde', 5)
INSERT [dbo].[Localidades] ([codLocalidad], [nombre], [codProvincia]) VALUES (400, N'La Eduvigis', 5)
INSERT [dbo].[Localidades] ([codLocalidad], [nombre], [codProvincia]) VALUES (401, N'La Escondida', 5)
INSERT [dbo].[Localidades] ([codLocalidad], [nombre], [codProvincia]) VALUES (402, N'La Leonesa', 5)
INSERT [dbo].[Localidades] ([codLocalidad], [nombre], [codProvincia]) VALUES (403, N'La Tigra', 5)
INSERT [dbo].[Localidades] ([codLocalidad], [nombre], [codProvincia]) VALUES (404, N'La Verde', 5)
GO
print 'Processed 400 total records'
INSERT [dbo].[Localidades] ([codLocalidad], [nombre], [codProvincia]) VALUES (405, N'Laguna Blanca', 5)
INSERT [dbo].[Localidades] ([codLocalidad], [nombre], [codProvincia]) VALUES (406, N'Laguna Limpia', 5)
INSERT [dbo].[Localidades] ([codLocalidad], [nombre], [codProvincia]) VALUES (407, N'Lapachito', 5)
INSERT [dbo].[Localidades] ([codLocalidad], [nombre], [codProvincia]) VALUES (408, N'Las Breñas', 5)
INSERT [dbo].[Localidades] ([codLocalidad], [nombre], [codProvincia]) VALUES (409, N'Las Garcitas', 5)
INSERT [dbo].[Localidades] ([codLocalidad], [nombre], [codProvincia]) VALUES (410, N'Las Palmas', 5)
INSERT [dbo].[Localidades] ([codLocalidad], [nombre], [codProvincia]) VALUES (411, N'Los Frentones', 5)
INSERT [dbo].[Localidades] ([codLocalidad], [nombre], [codProvincia]) VALUES (412, N'Machagai', 5)
INSERT [dbo].[Localidades] ([codLocalidad], [nombre], [codProvincia]) VALUES (413, N'Makallé', 5)
INSERT [dbo].[Localidades] ([codLocalidad], [nombre], [codProvincia]) VALUES (414, N'Margarita Belén', 5)
INSERT [dbo].[Localidades] ([codLocalidad], [nombre], [codProvincia]) VALUES (415, N'Miraflores', 5)
INSERT [dbo].[Localidades] ([codLocalidad], [nombre], [codProvincia]) VALUES (416, N'Misión N. Pompeya', 5)
INSERT [dbo].[Localidades] ([codLocalidad], [nombre], [codProvincia]) VALUES (417, N'Napenay', 5)
INSERT [dbo].[Localidades] ([codLocalidad], [nombre], [codProvincia]) VALUES (418, N'Pampa Almirón', 5)
INSERT [dbo].[Localidades] ([codLocalidad], [nombre], [codProvincia]) VALUES (419, N'Pampa del Indio', 5)
INSERT [dbo].[Localidades] ([codLocalidad], [nombre], [codProvincia]) VALUES (420, N'Pampa del Infierno', 5)
INSERT [dbo].[Localidades] ([codLocalidad], [nombre], [codProvincia]) VALUES (421, N'Pdcia. de La Plaza', 5)
INSERT [dbo].[Localidades] ([codLocalidad], [nombre], [codProvincia]) VALUES (422, N'Pdcia. Roca', 5)
INSERT [dbo].[Localidades] ([codLocalidad], [nombre], [codProvincia]) VALUES (423, N'Pdcia. Roque Sáenz Peña', 5)
INSERT [dbo].[Localidades] ([codLocalidad], [nombre], [codProvincia]) VALUES (424, N'Pto. Bermejo', 5)
INSERT [dbo].[Localidades] ([codLocalidad], [nombre], [codProvincia]) VALUES (425, N'Pto. Eva Perón', 5)
INSERT [dbo].[Localidades] ([codLocalidad], [nombre], [codProvincia]) VALUES (426, N'Puero Tirol', 5)
INSERT [dbo].[Localidades] ([codLocalidad], [nombre], [codProvincia]) VALUES (427, N'Puerto Vilelas', 5)
INSERT [dbo].[Localidades] ([codLocalidad], [nombre], [codProvincia]) VALUES (428, N'Quitilipi', 5)
INSERT [dbo].[Localidades] ([codLocalidad], [nombre], [codProvincia]) VALUES (429, N'Resistencia', 5)
INSERT [dbo].[Localidades] ([codLocalidad], [nombre], [codProvincia]) VALUES (430, N'Sáenz Peña', 5)
INSERT [dbo].[Localidades] ([codLocalidad], [nombre], [codProvincia]) VALUES (431, N'Samuhú', 5)
INSERT [dbo].[Localidades] ([codLocalidad], [nombre], [codProvincia]) VALUES (432, N'San Bernardo', 5)
INSERT [dbo].[Localidades] ([codLocalidad], [nombre], [codProvincia]) VALUES (433, N'Santa Sylvina', 5)
INSERT [dbo].[Localidades] ([codLocalidad], [nombre], [codProvincia]) VALUES (434, N'Taco Pozo', 5)
INSERT [dbo].[Localidades] ([codLocalidad], [nombre], [codProvincia]) VALUES (435, N'Tres Isletas', 5)
INSERT [dbo].[Localidades] ([codLocalidad], [nombre], [codProvincia]) VALUES (436, N'Villa Ángela', 5)
INSERT [dbo].[Localidades] ([codLocalidad], [nombre], [codProvincia]) VALUES (437, N'Villa Berthet', 5)
INSERT [dbo].[Localidades] ([codLocalidad], [nombre], [codProvincia]) VALUES (438, N'Villa R. Bermejito', 5)
INSERT [dbo].[Localidades] ([codLocalidad], [nombre], [codProvincia]) VALUES (439, N'Aldea Apeleg', 6)
INSERT [dbo].[Localidades] ([codLocalidad], [nombre], [codProvincia]) VALUES (440, N'Aldea Beleiro', 6)
INSERT [dbo].[Localidades] ([codLocalidad], [nombre], [codProvincia]) VALUES (441, N'Aldea Epulef', 6)
INSERT [dbo].[Localidades] ([codLocalidad], [nombre], [codProvincia]) VALUES (442, N'Alto Río Sengerr', 6)
INSERT [dbo].[Localidades] ([codLocalidad], [nombre], [codProvincia]) VALUES (443, N'Buen Pasto', 6)
INSERT [dbo].[Localidades] ([codLocalidad], [nombre], [codProvincia]) VALUES (444, N'Camarones', 6)
INSERT [dbo].[Localidades] ([codLocalidad], [nombre], [codProvincia]) VALUES (445, N'Carrenleufú', 6)
INSERT [dbo].[Localidades] ([codLocalidad], [nombre], [codProvincia]) VALUES (446, N'Cholila', 6)
INSERT [dbo].[Localidades] ([codLocalidad], [nombre], [codProvincia]) VALUES (447, N'Co. Centinela', 6)
INSERT [dbo].[Localidades] ([codLocalidad], [nombre], [codProvincia]) VALUES (448, N'Colan Conhué', 6)
INSERT [dbo].[Localidades] ([codLocalidad], [nombre], [codProvincia]) VALUES (449, N'Comodoro Rivadavia', 6)
INSERT [dbo].[Localidades] ([codLocalidad], [nombre], [codProvincia]) VALUES (450, N'Corcovado', 6)
INSERT [dbo].[Localidades] ([codLocalidad], [nombre], [codProvincia]) VALUES (451, N'Cushamen', 6)
INSERT [dbo].[Localidades] ([codLocalidad], [nombre], [codProvincia]) VALUES (452, N'Dique F. Ameghino', 6)
INSERT [dbo].[Localidades] ([codLocalidad], [nombre], [codProvincia]) VALUES (453, N'Dolavón', 6)
INSERT [dbo].[Localidades] ([codLocalidad], [nombre], [codProvincia]) VALUES (454, N'Dr. R. Rojas', 6)
INSERT [dbo].[Localidades] ([codLocalidad], [nombre], [codProvincia]) VALUES (455, N'El Hoyo', 6)
INSERT [dbo].[Localidades] ([codLocalidad], [nombre], [codProvincia]) VALUES (456, N'El Maitén', 6)
INSERT [dbo].[Localidades] ([codLocalidad], [nombre], [codProvincia]) VALUES (457, N'Epuyén', 6)
INSERT [dbo].[Localidades] ([codLocalidad], [nombre], [codProvincia]) VALUES (458, N'Esquel', 6)
INSERT [dbo].[Localidades] ([codLocalidad], [nombre], [codProvincia]) VALUES (459, N'Facundo', 6)
INSERT [dbo].[Localidades] ([codLocalidad], [nombre], [codProvincia]) VALUES (460, N'Gaimán', 6)
INSERT [dbo].[Localidades] ([codLocalidad], [nombre], [codProvincia]) VALUES (461, N'Gan Gan', 6)
INSERT [dbo].[Localidades] ([codLocalidad], [nombre], [codProvincia]) VALUES (462, N'Gastre', 6)
INSERT [dbo].[Localidades] ([codLocalidad], [nombre], [codProvincia]) VALUES (463, N'Gdor. Costa', 6)
INSERT [dbo].[Localidades] ([codLocalidad], [nombre], [codProvincia]) VALUES (464, N'Gualjaina', 6)
INSERT [dbo].[Localidades] ([codLocalidad], [nombre], [codProvincia]) VALUES (465, N'J. de San Martín', 6)
INSERT [dbo].[Localidades] ([codLocalidad], [nombre], [codProvincia]) VALUES (466, N'Lago Blanco', 6)
INSERT [dbo].[Localidades] ([codLocalidad], [nombre], [codProvincia]) VALUES (467, N'Lago Puelo', 6)
INSERT [dbo].[Localidades] ([codLocalidad], [nombre], [codProvincia]) VALUES (468, N'Lagunita Salada', 6)
INSERT [dbo].[Localidades] ([codLocalidad], [nombre], [codProvincia]) VALUES (469, N'Las Plumas', 6)
INSERT [dbo].[Localidades] ([codLocalidad], [nombre], [codProvincia]) VALUES (470, N'Los Altares', 6)
INSERT [dbo].[Localidades] ([codLocalidad], [nombre], [codProvincia]) VALUES (471, N'Paso de los Indios', 6)
INSERT [dbo].[Localidades] ([codLocalidad], [nombre], [codProvincia]) VALUES (472, N'Paso del Sapo', 6)
INSERT [dbo].[Localidades] ([codLocalidad], [nombre], [codProvincia]) VALUES (473, N'Pto. Madryn', 6)
INSERT [dbo].[Localidades] ([codLocalidad], [nombre], [codProvincia]) VALUES (474, N'Pto. Pirámides', 6)
INSERT [dbo].[Localidades] ([codLocalidad], [nombre], [codProvincia]) VALUES (475, N'Rada Tilly', 6)
INSERT [dbo].[Localidades] ([codLocalidad], [nombre], [codProvincia]) VALUES (476, N'Rawson', 6)
INSERT [dbo].[Localidades] ([codLocalidad], [nombre], [codProvincia]) VALUES (477, N'Río Mayo', 6)
INSERT [dbo].[Localidades] ([codLocalidad], [nombre], [codProvincia]) VALUES (478, N'Río Pico', 6)
INSERT [dbo].[Localidades] ([codLocalidad], [nombre], [codProvincia]) VALUES (479, N'Sarmiento', 6)
INSERT [dbo].[Localidades] ([codLocalidad], [nombre], [codProvincia]) VALUES (480, N'Tecka', 6)
INSERT [dbo].[Localidades] ([codLocalidad], [nombre], [codProvincia]) VALUES (481, N'Telsen', 6)
INSERT [dbo].[Localidades] ([codLocalidad], [nombre], [codProvincia]) VALUES (482, N'Trelew', 6)
INSERT [dbo].[Localidades] ([codLocalidad], [nombre], [codProvincia]) VALUES (483, N'Trevelin', 6)
INSERT [dbo].[Localidades] ([codLocalidad], [nombre], [codProvincia]) VALUES (484, N'Veintiocho de Julio', 6)
INSERT [dbo].[Localidades] ([codLocalidad], [nombre], [codProvincia]) VALUES (485, N'Achiras', 7)
INSERT [dbo].[Localidades] ([codLocalidad], [nombre], [codProvincia]) VALUES (486, N'Adelia Maria', 7)
INSERT [dbo].[Localidades] ([codLocalidad], [nombre], [codProvincia]) VALUES (487, N'Agua de Oro', 7)
INSERT [dbo].[Localidades] ([codLocalidad], [nombre], [codProvincia]) VALUES (488, N'Alcira Gigena', 7)
INSERT [dbo].[Localidades] ([codLocalidad], [nombre], [codProvincia]) VALUES (489, N'Aldea Santa Maria', 7)
INSERT [dbo].[Localidades] ([codLocalidad], [nombre], [codProvincia]) VALUES (490, N'Alejandro Roca', 7)
INSERT [dbo].[Localidades] ([codLocalidad], [nombre], [codProvincia]) VALUES (491, N'Alejo Ledesma', 7)
INSERT [dbo].[Localidades] ([codLocalidad], [nombre], [codProvincia]) VALUES (492, N'Alicia', 7)
INSERT [dbo].[Localidades] ([codLocalidad], [nombre], [codProvincia]) VALUES (493, N'Almafuerte', 7)
INSERT [dbo].[Localidades] ([codLocalidad], [nombre], [codProvincia]) VALUES (494, N'Alpa Corral', 7)
INSERT [dbo].[Localidades] ([codLocalidad], [nombre], [codProvincia]) VALUES (495, N'Alta Gracia', 7)
INSERT [dbo].[Localidades] ([codLocalidad], [nombre], [codProvincia]) VALUES (496, N'Alto Alegre', 7)
INSERT [dbo].[Localidades] ([codLocalidad], [nombre], [codProvincia]) VALUES (497, N'Alto de Los Quebrachos', 7)
INSERT [dbo].[Localidades] ([codLocalidad], [nombre], [codProvincia]) VALUES (498, N'Altos de Chipion', 7)
INSERT [dbo].[Localidades] ([codLocalidad], [nombre], [codProvincia]) VALUES (499, N'Amboy', 7)
INSERT [dbo].[Localidades] ([codLocalidad], [nombre], [codProvincia]) VALUES (500, N'Ambul', 7)
INSERT [dbo].[Localidades] ([codLocalidad], [nombre], [codProvincia]) VALUES (501, N'Ana Zumaran', 7)
INSERT [dbo].[Localidades] ([codLocalidad], [nombre], [codProvincia]) VALUES (502, N'Anisacate', 7)
INSERT [dbo].[Localidades] ([codLocalidad], [nombre], [codProvincia]) VALUES (503, N'Arguello', 7)
INSERT [dbo].[Localidades] ([codLocalidad], [nombre], [codProvincia]) VALUES (504, N'Arias', 7)
INSERT [dbo].[Localidades] ([codLocalidad], [nombre], [codProvincia]) VALUES (505, N'Arroyito', 7)
GO
print 'Processed 500 total records'
INSERT [dbo].[Localidades] ([codLocalidad], [nombre], [codProvincia]) VALUES (506, N'Arroyo Algodon', 7)
INSERT [dbo].[Localidades] ([codLocalidad], [nombre], [codProvincia]) VALUES (507, N'Arroyo Cabral', 7)
INSERT [dbo].[Localidades] ([codLocalidad], [nombre], [codProvincia]) VALUES (508, N'Arroyo Los Patos', 7)
INSERT [dbo].[Localidades] ([codLocalidad], [nombre], [codProvincia]) VALUES (509, N'Assunta', 7)
INSERT [dbo].[Localidades] ([codLocalidad], [nombre], [codProvincia]) VALUES (510, N'Atahona', 7)
INSERT [dbo].[Localidades] ([codLocalidad], [nombre], [codProvincia]) VALUES (511, N'Ausonia', 7)
INSERT [dbo].[Localidades] ([codLocalidad], [nombre], [codProvincia]) VALUES (512, N'Avellaneda', 7)
INSERT [dbo].[Localidades] ([codLocalidad], [nombre], [codProvincia]) VALUES (513, N'Ballesteros', 7)
INSERT [dbo].[Localidades] ([codLocalidad], [nombre], [codProvincia]) VALUES (514, N'Ballesteros Sud', 7)
INSERT [dbo].[Localidades] ([codLocalidad], [nombre], [codProvincia]) VALUES (515, N'Balnearia', 7)
INSERT [dbo].[Localidades] ([codLocalidad], [nombre], [codProvincia]) VALUES (516, N'Bañado de Soto', 7)
INSERT [dbo].[Localidades] ([codLocalidad], [nombre], [codProvincia]) VALUES (517, N'Bell Ville', 7)
INSERT [dbo].[Localidades] ([codLocalidad], [nombre], [codProvincia]) VALUES (518, N'Bengolea', 7)
INSERT [dbo].[Localidades] ([codLocalidad], [nombre], [codProvincia]) VALUES (519, N'Benjamin Gould', 7)
INSERT [dbo].[Localidades] ([codLocalidad], [nombre], [codProvincia]) VALUES (520, N'Berrotaran', 7)
INSERT [dbo].[Localidades] ([codLocalidad], [nombre], [codProvincia]) VALUES (521, N'Bialet Masse', 7)
INSERT [dbo].[Localidades] ([codLocalidad], [nombre], [codProvincia]) VALUES (522, N'Bouwer', 7)
INSERT [dbo].[Localidades] ([codLocalidad], [nombre], [codProvincia]) VALUES (523, N'Brinkmann', 7)
INSERT [dbo].[Localidades] ([codLocalidad], [nombre], [codProvincia]) VALUES (524, N'Buchardo', 7)
INSERT [dbo].[Localidades] ([codLocalidad], [nombre], [codProvincia]) VALUES (525, N'Bulnes', 7)
INSERT [dbo].[Localidades] ([codLocalidad], [nombre], [codProvincia]) VALUES (526, N'Cabalango', 7)
INSERT [dbo].[Localidades] ([codLocalidad], [nombre], [codProvincia]) VALUES (527, N'Calamuchita', 7)
INSERT [dbo].[Localidades] ([codLocalidad], [nombre], [codProvincia]) VALUES (528, N'Calchin', 7)
INSERT [dbo].[Localidades] ([codLocalidad], [nombre], [codProvincia]) VALUES (529, N'Calchin Oeste', 7)
INSERT [dbo].[Localidades] ([codLocalidad], [nombre], [codProvincia]) VALUES (530, N'Calmayo', 7)
INSERT [dbo].[Localidades] ([codLocalidad], [nombre], [codProvincia]) VALUES (531, N'Camilo Aldao', 7)
INSERT [dbo].[Localidades] ([codLocalidad], [nombre], [codProvincia]) VALUES (532, N'Caminiaga', 7)
INSERT [dbo].[Localidades] ([codLocalidad], [nombre], [codProvincia]) VALUES (533, N'Cañada de Luque', 7)
INSERT [dbo].[Localidades] ([codLocalidad], [nombre], [codProvincia]) VALUES (534, N'Cañada de Machado', 7)
INSERT [dbo].[Localidades] ([codLocalidad], [nombre], [codProvincia]) VALUES (535, N'Cañada de Rio Pinto', 7)
INSERT [dbo].[Localidades] ([codLocalidad], [nombre], [codProvincia]) VALUES (536, N'Cañada del Sauce', 7)
INSERT [dbo].[Localidades] ([codLocalidad], [nombre], [codProvincia]) VALUES (537, N'Canals', 7)
INSERT [dbo].[Localidades] ([codLocalidad], [nombre], [codProvincia]) VALUES (538, N'Candelaria Sud', 7)
INSERT [dbo].[Localidades] ([codLocalidad], [nombre], [codProvincia]) VALUES (539, N'Capilla de Remedios', 7)
INSERT [dbo].[Localidades] ([codLocalidad], [nombre], [codProvincia]) VALUES (540, N'Capilla de Siton', 7)
INSERT [dbo].[Localidades] ([codLocalidad], [nombre], [codProvincia]) VALUES (541, N'Capilla del Carmen', 7)
INSERT [dbo].[Localidades] ([codLocalidad], [nombre], [codProvincia]) VALUES (542, N'Capilla del Monte', 7)
INSERT [dbo].[Localidades] ([codLocalidad], [nombre], [codProvincia]) VALUES (543, N'Capital', 7)
INSERT [dbo].[Localidades] ([codLocalidad], [nombre], [codProvincia]) VALUES (544, N'Capitan Gral B. O´Higgins', 7)
INSERT [dbo].[Localidades] ([codLocalidad], [nombre], [codProvincia]) VALUES (545, N'Carnerillo', 7)
INSERT [dbo].[Localidades] ([codLocalidad], [nombre], [codProvincia]) VALUES (546, N'Carrilobo', 7)
INSERT [dbo].[Localidades] ([codLocalidad], [nombre], [codProvincia]) VALUES (547, N'Casa Grande', 7)
INSERT [dbo].[Localidades] ([codLocalidad], [nombre], [codProvincia]) VALUES (548, N'Cavanagh', 7)
INSERT [dbo].[Localidades] ([codLocalidad], [nombre], [codProvincia]) VALUES (549, N'Cerro Colorado', 7)
INSERT [dbo].[Localidades] ([codLocalidad], [nombre], [codProvincia]) VALUES (550, N'Chaján', 7)
INSERT [dbo].[Localidades] ([codLocalidad], [nombre], [codProvincia]) VALUES (551, N'Chalacea', 7)
INSERT [dbo].[Localidades] ([codLocalidad], [nombre], [codProvincia]) VALUES (552, N'Chañar Viejo', 7)
INSERT [dbo].[Localidades] ([codLocalidad], [nombre], [codProvincia]) VALUES (553, N'Chancaní', 7)
INSERT [dbo].[Localidades] ([codLocalidad], [nombre], [codProvincia]) VALUES (554, N'Charbonier', 7)
INSERT [dbo].[Localidades] ([codLocalidad], [nombre], [codProvincia]) VALUES (555, N'Charras', 7)
INSERT [dbo].[Localidades] ([codLocalidad], [nombre], [codProvincia]) VALUES (556, N'Chazón', 7)
INSERT [dbo].[Localidades] ([codLocalidad], [nombre], [codProvincia]) VALUES (557, N'Chilibroste', 7)
INSERT [dbo].[Localidades] ([codLocalidad], [nombre], [codProvincia]) VALUES (558, N'Chucul', 7)
INSERT [dbo].[Localidades] ([codLocalidad], [nombre], [codProvincia]) VALUES (559, N'Chuña', 7)
INSERT [dbo].[Localidades] ([codLocalidad], [nombre], [codProvincia]) VALUES (560, N'Chuña Huasi', 7)
INSERT [dbo].[Localidades] ([codLocalidad], [nombre], [codProvincia]) VALUES (561, N'Churqui Cañada', 7)
INSERT [dbo].[Localidades] ([codLocalidad], [nombre], [codProvincia]) VALUES (562, N'Cienaga Del Coro', 7)
INSERT [dbo].[Localidades] ([codLocalidad], [nombre], [codProvincia]) VALUES (563, N'Cintra', 7)
INSERT [dbo].[Localidades] ([codLocalidad], [nombre], [codProvincia]) VALUES (564, N'Col. Almada', 7)
INSERT [dbo].[Localidades] ([codLocalidad], [nombre], [codProvincia]) VALUES (565, N'Col. Anita', 7)
INSERT [dbo].[Localidades] ([codLocalidad], [nombre], [codProvincia]) VALUES (566, N'Col. Barge', 7)
INSERT [dbo].[Localidades] ([codLocalidad], [nombre], [codProvincia]) VALUES (567, N'Col. Bismark', 7)
INSERT [dbo].[Localidades] ([codLocalidad], [nombre], [codProvincia]) VALUES (568, N'Col. Bremen', 7)
INSERT [dbo].[Localidades] ([codLocalidad], [nombre], [codProvincia]) VALUES (569, N'Col. Caroya', 7)
INSERT [dbo].[Localidades] ([codLocalidad], [nombre], [codProvincia]) VALUES (570, N'Col. Italiana', 7)
INSERT [dbo].[Localidades] ([codLocalidad], [nombre], [codProvincia]) VALUES (571, N'Col. Iturraspe', 7)
INSERT [dbo].[Localidades] ([codLocalidad], [nombre], [codProvincia]) VALUES (572, N'Col. Las Cuatro Esquinas', 7)
INSERT [dbo].[Localidades] ([codLocalidad], [nombre], [codProvincia]) VALUES (573, N'Col. Las Pichanas', 7)
INSERT [dbo].[Localidades] ([codLocalidad], [nombre], [codProvincia]) VALUES (574, N'Col. Marina', 7)
INSERT [dbo].[Localidades] ([codLocalidad], [nombre], [codProvincia]) VALUES (575, N'Col. Prosperidad', 7)
INSERT [dbo].[Localidades] ([codLocalidad], [nombre], [codProvincia]) VALUES (576, N'Col. San Bartolome', 7)
INSERT [dbo].[Localidades] ([codLocalidad], [nombre], [codProvincia]) VALUES (577, N'Col. San Pedro', 7)
INSERT [dbo].[Localidades] ([codLocalidad], [nombre], [codProvincia]) VALUES (578, N'Col. Tirolesa', 7)
INSERT [dbo].[Localidades] ([codLocalidad], [nombre], [codProvincia]) VALUES (579, N'Col. Vicente Aguero', 7)
INSERT [dbo].[Localidades] ([codLocalidad], [nombre], [codProvincia]) VALUES (580, N'Col. Videla', 7)
INSERT [dbo].[Localidades] ([codLocalidad], [nombre], [codProvincia]) VALUES (581, N'Col. Vignaud', 7)
INSERT [dbo].[Localidades] ([codLocalidad], [nombre], [codProvincia]) VALUES (582, N'Col. Waltelina', 7)
INSERT [dbo].[Localidades] ([codLocalidad], [nombre], [codProvincia]) VALUES (583, N'Colazo', 7)
INSERT [dbo].[Localidades] ([codLocalidad], [nombre], [codProvincia]) VALUES (584, N'Comechingones', 7)
INSERT [dbo].[Localidades] ([codLocalidad], [nombre], [codProvincia]) VALUES (585, N'Conlara', 7)
INSERT [dbo].[Localidades] ([codLocalidad], [nombre], [codProvincia]) VALUES (586, N'Copacabana', 7)
INSERT [dbo].[Localidades] ([codLocalidad], [nombre], [codProvincia]) VALUES (587, N'7', 7)
INSERT [dbo].[Localidades] ([codLocalidad], [nombre], [codProvincia]) VALUES (588, N'Coronel Baigorria', 7)
INSERT [dbo].[Localidades] ([codLocalidad], [nombre], [codProvincia]) VALUES (589, N'Coronel Moldes', 7)
INSERT [dbo].[Localidades] ([codLocalidad], [nombre], [codProvincia]) VALUES (590, N'Corral de Bustos', 7)
INSERT [dbo].[Localidades] ([codLocalidad], [nombre], [codProvincia]) VALUES (591, N'Corralito', 7)
INSERT [dbo].[Localidades] ([codLocalidad], [nombre], [codProvincia]) VALUES (592, N'Cosquín', 7)
INSERT [dbo].[Localidades] ([codLocalidad], [nombre], [codProvincia]) VALUES (593, N'Costa Sacate', 7)
INSERT [dbo].[Localidades] ([codLocalidad], [nombre], [codProvincia]) VALUES (594, N'Cruz Alta', 7)
INSERT [dbo].[Localidades] ([codLocalidad], [nombre], [codProvincia]) VALUES (595, N'Cruz de Caña', 7)
INSERT [dbo].[Localidades] ([codLocalidad], [nombre], [codProvincia]) VALUES (596, N'Cruz del Eje', 7)
INSERT [dbo].[Localidades] ([codLocalidad], [nombre], [codProvincia]) VALUES (597, N'Cuesta Blanca', 7)
INSERT [dbo].[Localidades] ([codLocalidad], [nombre], [codProvincia]) VALUES (598, N'Dean Funes', 7)
INSERT [dbo].[Localidades] ([codLocalidad], [nombre], [codProvincia]) VALUES (599, N'Del Campillo', 7)
INSERT [dbo].[Localidades] ([codLocalidad], [nombre], [codProvincia]) VALUES (600, N'Despeñaderos', 7)
INSERT [dbo].[Localidades] ([codLocalidad], [nombre], [codProvincia]) VALUES (601, N'Devoto', 7)
INSERT [dbo].[Localidades] ([codLocalidad], [nombre], [codProvincia]) VALUES (602, N'Diego de Rojas', 7)
INSERT [dbo].[Localidades] ([codLocalidad], [nombre], [codProvincia]) VALUES (603, N'Dique Chico', 7)
INSERT [dbo].[Localidades] ([codLocalidad], [nombre], [codProvincia]) VALUES (604, N'El Arañado', 7)
INSERT [dbo].[Localidades] ([codLocalidad], [nombre], [codProvincia]) VALUES (605, N'El Brete', 7)
INSERT [dbo].[Localidades] ([codLocalidad], [nombre], [codProvincia]) VALUES (606, N'El Chacho', 7)
GO
print 'Processed 600 total records'
INSERT [dbo].[Localidades] ([codLocalidad], [nombre], [codProvincia]) VALUES (607, N'El Crispín', 7)
INSERT [dbo].[Localidades] ([codLocalidad], [nombre], [codProvincia]) VALUES (608, N'El Fortín', 7)
INSERT [dbo].[Localidades] ([codLocalidad], [nombre], [codProvincia]) VALUES (609, N'El Manzano', 7)
INSERT [dbo].[Localidades] ([codLocalidad], [nombre], [codProvincia]) VALUES (610, N'El Rastreador', 7)
INSERT [dbo].[Localidades] ([codLocalidad], [nombre], [codProvincia]) VALUES (611, N'El Rodeo', 7)
INSERT [dbo].[Localidades] ([codLocalidad], [nombre], [codProvincia]) VALUES (612, N'El Tío', 7)
INSERT [dbo].[Localidades] ([codLocalidad], [nombre], [codProvincia]) VALUES (613, N'Elena', 7)
INSERT [dbo].[Localidades] ([codLocalidad], [nombre], [codProvincia]) VALUES (614, N'Embalse', 7)
INSERT [dbo].[Localidades] ([codLocalidad], [nombre], [codProvincia]) VALUES (615, N'Esquina', 7)
INSERT [dbo].[Localidades] ([codLocalidad], [nombre], [codProvincia]) VALUES (616, N'Estación Gral. Paz', 7)
INSERT [dbo].[Localidades] ([codLocalidad], [nombre], [codProvincia]) VALUES (617, N'Estación Juárez Celman', 7)
INSERT [dbo].[Localidades] ([codLocalidad], [nombre], [codProvincia]) VALUES (618, N'Estancia de Guadalupe', 7)
INSERT [dbo].[Localidades] ([codLocalidad], [nombre], [codProvincia]) VALUES (619, N'Estancia Vieja', 7)
INSERT [dbo].[Localidades] ([codLocalidad], [nombre], [codProvincia]) VALUES (620, N'Etruria', 7)
INSERT [dbo].[Localidades] ([codLocalidad], [nombre], [codProvincia]) VALUES (621, N'Eufrasio Loza', 7)
INSERT [dbo].[Localidades] ([codLocalidad], [nombre], [codProvincia]) VALUES (622, N'Falda del Carmen', 7)
INSERT [dbo].[Localidades] ([codLocalidad], [nombre], [codProvincia]) VALUES (623, N'Freyre', 7)
INSERT [dbo].[Localidades] ([codLocalidad], [nombre], [codProvincia]) VALUES (624, N'Gral. Baldissera', 7)
INSERT [dbo].[Localidades] ([codLocalidad], [nombre], [codProvincia]) VALUES (625, N'Gral. Cabrera', 7)
INSERT [dbo].[Localidades] ([codLocalidad], [nombre], [codProvincia]) VALUES (626, N'Gral. Deheza', 7)
INSERT [dbo].[Localidades] ([codLocalidad], [nombre], [codProvincia]) VALUES (627, N'Gral. Fotheringham', 7)
INSERT [dbo].[Localidades] ([codLocalidad], [nombre], [codProvincia]) VALUES (628, N'Gral. Levalle', 7)
INSERT [dbo].[Localidades] ([codLocalidad], [nombre], [codProvincia]) VALUES (629, N'Gral. Roca', 7)
INSERT [dbo].[Localidades] ([codLocalidad], [nombre], [codProvincia]) VALUES (630, N'Guanaco Muerto', 7)
INSERT [dbo].[Localidades] ([codLocalidad], [nombre], [codProvincia]) VALUES (631, N'Guasapampa', 7)
INSERT [dbo].[Localidades] ([codLocalidad], [nombre], [codProvincia]) VALUES (632, N'Guatimozin', 7)
INSERT [dbo].[Localidades] ([codLocalidad], [nombre], [codProvincia]) VALUES (633, N'Gutenberg', 7)
INSERT [dbo].[Localidades] ([codLocalidad], [nombre], [codProvincia]) VALUES (634, N'Hernando', 7)
INSERT [dbo].[Localidades] ([codLocalidad], [nombre], [codProvincia]) VALUES (635, N'Huanchillas', 7)
INSERT [dbo].[Localidades] ([codLocalidad], [nombre], [codProvincia]) VALUES (636, N'Huerta Grande', 7)
INSERT [dbo].[Localidades] ([codLocalidad], [nombre], [codProvincia]) VALUES (637, N'Huinca Renanco', 7)
INSERT [dbo].[Localidades] ([codLocalidad], [nombre], [codProvincia]) VALUES (638, N'Idiazabal', 7)
INSERT [dbo].[Localidades] ([codLocalidad], [nombre], [codProvincia]) VALUES (639, N'Impira', 7)
INSERT [dbo].[Localidades] ([codLocalidad], [nombre], [codProvincia]) VALUES (640, N'Inriville', 7)
INSERT [dbo].[Localidades] ([codLocalidad], [nombre], [codProvincia]) VALUES (641, N'Isla Verde', 7)
INSERT [dbo].[Localidades] ([codLocalidad], [nombre], [codProvincia]) VALUES (642, N'Italó', 7)
INSERT [dbo].[Localidades] ([codLocalidad], [nombre], [codProvincia]) VALUES (643, N'James Craik', 7)
INSERT [dbo].[Localidades] ([codLocalidad], [nombre], [codProvincia]) VALUES (644, N'Jesús María', 7)
INSERT [dbo].[Localidades] ([codLocalidad], [nombre], [codProvincia]) VALUES (645, N'Jovita', 7)
INSERT [dbo].[Localidades] ([codLocalidad], [nombre], [codProvincia]) VALUES (646, N'Justiniano Posse', 7)
INSERT [dbo].[Localidades] ([codLocalidad], [nombre], [codProvincia]) VALUES (647, N'Km 658', 7)
INSERT [dbo].[Localidades] ([codLocalidad], [nombre], [codProvincia]) VALUES (648, N'L. V. Mansilla', 7)
INSERT [dbo].[Localidades] ([codLocalidad], [nombre], [codProvincia]) VALUES (649, N'La Batea', 7)
INSERT [dbo].[Localidades] ([codLocalidad], [nombre], [codProvincia]) VALUES (650, N'La Calera', 7)
INSERT [dbo].[Localidades] ([codLocalidad], [nombre], [codProvincia]) VALUES (651, N'La Carlota', 7)
INSERT [dbo].[Localidades] ([codLocalidad], [nombre], [codProvincia]) VALUES (652, N'La Carolina', 7)
INSERT [dbo].[Localidades] ([codLocalidad], [nombre], [codProvincia]) VALUES (653, N'La Cautiva', 7)
INSERT [dbo].[Localidades] ([codLocalidad], [nombre], [codProvincia]) VALUES (654, N'La Cesira', 7)
INSERT [dbo].[Localidades] ([codLocalidad], [nombre], [codProvincia]) VALUES (655, N'La Cruz', 7)
INSERT [dbo].[Localidades] ([codLocalidad], [nombre], [codProvincia]) VALUES (656, N'La Cumbre', 7)
INSERT [dbo].[Localidades] ([codLocalidad], [nombre], [codProvincia]) VALUES (657, N'La Cumbrecita', 7)
INSERT [dbo].[Localidades] ([codLocalidad], [nombre], [codProvincia]) VALUES (658, N'La Falda', 7)
INSERT [dbo].[Localidades] ([codLocalidad], [nombre], [codProvincia]) VALUES (659, N'La Francia', 7)
INSERT [dbo].[Localidades] ([codLocalidad], [nombre], [codProvincia]) VALUES (660, N'La Granja', 7)
INSERT [dbo].[Localidades] ([codLocalidad], [nombre], [codProvincia]) VALUES (661, N'La Higuera', 7)
INSERT [dbo].[Localidades] ([codLocalidad], [nombre], [codProvincia]) VALUES (662, N'La Laguna', 7)
INSERT [dbo].[Localidades] ([codLocalidad], [nombre], [codProvincia]) VALUES (663, N'La Paisanita', 7)
INSERT [dbo].[Localidades] ([codLocalidad], [nombre], [codProvincia]) VALUES (664, N'La Palestina', 7)
INSERT [dbo].[Localidades] ([codLocalidad], [nombre], [codProvincia]) VALUES (665, N'12', 7)
INSERT [dbo].[Localidades] ([codLocalidad], [nombre], [codProvincia]) VALUES (666, N'La Paquita', 7)
INSERT [dbo].[Localidades] ([codLocalidad], [nombre], [codProvincia]) VALUES (667, N'La Para', 7)
INSERT [dbo].[Localidades] ([codLocalidad], [nombre], [codProvincia]) VALUES (668, N'La Paz', 7)
INSERT [dbo].[Localidades] ([codLocalidad], [nombre], [codProvincia]) VALUES (669, N'La Playa', 7)
INSERT [dbo].[Localidades] ([codLocalidad], [nombre], [codProvincia]) VALUES (670, N'La Playosa', 7)
INSERT [dbo].[Localidades] ([codLocalidad], [nombre], [codProvincia]) VALUES (671, N'La Población', 7)
INSERT [dbo].[Localidades] ([codLocalidad], [nombre], [codProvincia]) VALUES (672, N'La Posta', 7)
INSERT [dbo].[Localidades] ([codLocalidad], [nombre], [codProvincia]) VALUES (673, N'La Puerta', 7)
INSERT [dbo].[Localidades] ([codLocalidad], [nombre], [codProvincia]) VALUES (674, N'La Quinta', 7)
INSERT [dbo].[Localidades] ([codLocalidad], [nombre], [codProvincia]) VALUES (675, N'La Rancherita', 7)
INSERT [dbo].[Localidades] ([codLocalidad], [nombre], [codProvincia]) VALUES (676, N'La Rinconada', 7)
INSERT [dbo].[Localidades] ([codLocalidad], [nombre], [codProvincia]) VALUES (677, N'La Serranita', 7)
INSERT [dbo].[Localidades] ([codLocalidad], [nombre], [codProvincia]) VALUES (678, N'La Tordilla', 7)
INSERT [dbo].[Localidades] ([codLocalidad], [nombre], [codProvincia]) VALUES (679, N'Laborde', 7)
INSERT [dbo].[Localidades] ([codLocalidad], [nombre], [codProvincia]) VALUES (680, N'Laboulaye', 7)
INSERT [dbo].[Localidades] ([codLocalidad], [nombre], [codProvincia]) VALUES (681, N'Laguna Larga', 7)
INSERT [dbo].[Localidades] ([codLocalidad], [nombre], [codProvincia]) VALUES (682, N'Las Acequias', 7)
INSERT [dbo].[Localidades] ([codLocalidad], [nombre], [codProvincia]) VALUES (683, N'Las Albahacas', 7)
INSERT [dbo].[Localidades] ([codLocalidad], [nombre], [codProvincia]) VALUES (684, N'Las Arrias', 7)
INSERT [dbo].[Localidades] ([codLocalidad], [nombre], [codProvincia]) VALUES (685, N'Las Bajadas', 7)
INSERT [dbo].[Localidades] ([codLocalidad], [nombre], [codProvincia]) VALUES (686, N'Las Caleras', 7)
INSERT [dbo].[Localidades] ([codLocalidad], [nombre], [codProvincia]) VALUES (687, N'Las Calles', 7)
INSERT [dbo].[Localidades] ([codLocalidad], [nombre], [codProvincia]) VALUES (688, N'Las Cañadas', 7)
INSERT [dbo].[Localidades] ([codLocalidad], [nombre], [codProvincia]) VALUES (689, N'Las Gramillas', 7)
INSERT [dbo].[Localidades] ([codLocalidad], [nombre], [codProvincia]) VALUES (690, N'Las Higueras', 7)
INSERT [dbo].[Localidades] ([codLocalidad], [nombre], [codProvincia]) VALUES (691, N'Las Isletillas', 7)
INSERT [dbo].[Localidades] ([codLocalidad], [nombre], [codProvincia]) VALUES (692, N'Las Junturas', 7)
INSERT [dbo].[Localidades] ([codLocalidad], [nombre], [codProvincia]) VALUES (693, N'Las Palmas', 7)
INSERT [dbo].[Localidades] ([codLocalidad], [nombre], [codProvincia]) VALUES (694, N'Las Peñas', 7)
INSERT [dbo].[Localidades] ([codLocalidad], [nombre], [codProvincia]) VALUES (695, N'Las Peñas Sud', 7)
INSERT [dbo].[Localidades] ([codLocalidad], [nombre], [codProvincia]) VALUES (696, N'Las Perdices', 7)
INSERT [dbo].[Localidades] ([codLocalidad], [nombre], [codProvincia]) VALUES (697, N'Las Playas', 7)
INSERT [dbo].[Localidades] ([codLocalidad], [nombre], [codProvincia]) VALUES (698, N'Las Rabonas', 7)
INSERT [dbo].[Localidades] ([codLocalidad], [nombre], [codProvincia]) VALUES (699, N'Las Saladas', 7)
INSERT [dbo].[Localidades] ([codLocalidad], [nombre], [codProvincia]) VALUES (700, N'Las Tapias', 7)
INSERT [dbo].[Localidades] ([codLocalidad], [nombre], [codProvincia]) VALUES (701, N'Las Varas', 7)
INSERT [dbo].[Localidades] ([codLocalidad], [nombre], [codProvincia]) VALUES (702, N'Las Varillas', 7)
INSERT [dbo].[Localidades] ([codLocalidad], [nombre], [codProvincia]) VALUES (703, N'Las Vertientes', 7)
INSERT [dbo].[Localidades] ([codLocalidad], [nombre], [codProvincia]) VALUES (704, N'Leguizamón', 7)
INSERT [dbo].[Localidades] ([codLocalidad], [nombre], [codProvincia]) VALUES (705, N'Leones', 7)
INSERT [dbo].[Localidades] ([codLocalidad], [nombre], [codProvincia]) VALUES (706, N'Los Cedros', 7)
INSERT [dbo].[Localidades] ([codLocalidad], [nombre], [codProvincia]) VALUES (707, N'Los Cerrillos', 7)
GO
print 'Processed 700 total records'
INSERT [dbo].[Localidades] ([codLocalidad], [nombre], [codProvincia]) VALUES (708, N'Los Chañaritos (C.E)', 7)
INSERT [dbo].[Localidades] ([codLocalidad], [nombre], [codProvincia]) VALUES (709, N'Los Chanaritos (R.S)', 7)
INSERT [dbo].[Localidades] ([codLocalidad], [nombre], [codProvincia]) VALUES (710, N'Los Cisnes', 7)
INSERT [dbo].[Localidades] ([codLocalidad], [nombre], [codProvincia]) VALUES (711, N'Los Cocos', 7)
INSERT [dbo].[Localidades] ([codLocalidad], [nombre], [codProvincia]) VALUES (712, N'Los Cóndores', 7)
INSERT [dbo].[Localidades] ([codLocalidad], [nombre], [codProvincia]) VALUES (713, N'Los Hornillos', 7)
INSERT [dbo].[Localidades] ([codLocalidad], [nombre], [codProvincia]) VALUES (714, N'Los Hoyos', 7)
INSERT [dbo].[Localidades] ([codLocalidad], [nombre], [codProvincia]) VALUES (715, N'Los Mistoles', 7)
INSERT [dbo].[Localidades] ([codLocalidad], [nombre], [codProvincia]) VALUES (716, N'Los Molinos', 7)
INSERT [dbo].[Localidades] ([codLocalidad], [nombre], [codProvincia]) VALUES (717, N'Los Pozos', 7)
INSERT [dbo].[Localidades] ([codLocalidad], [nombre], [codProvincia]) VALUES (718, N'Los Reartes', 7)
INSERT [dbo].[Localidades] ([codLocalidad], [nombre], [codProvincia]) VALUES (719, N'Los Surgentes', 7)
INSERT [dbo].[Localidades] ([codLocalidad], [nombre], [codProvincia]) VALUES (720, N'Los Talares', 7)
INSERT [dbo].[Localidades] ([codLocalidad], [nombre], [codProvincia]) VALUES (721, N'Los Zorros', 7)
INSERT [dbo].[Localidades] ([codLocalidad], [nombre], [codProvincia]) VALUES (722, N'Lozada', 7)
INSERT [dbo].[Localidades] ([codLocalidad], [nombre], [codProvincia]) VALUES (723, N'Luca', 7)
INSERT [dbo].[Localidades] ([codLocalidad], [nombre], [codProvincia]) VALUES (724, N'Luque', 7)
INSERT [dbo].[Localidades] ([codLocalidad], [nombre], [codProvincia]) VALUES (725, N'Luyaba', 7)
INSERT [dbo].[Localidades] ([codLocalidad], [nombre], [codProvincia]) VALUES (726, N'Malagueño', 7)
INSERT [dbo].[Localidades] ([codLocalidad], [nombre], [codProvincia]) VALUES (727, N'Malena', 7)
INSERT [dbo].[Localidades] ([codLocalidad], [nombre], [codProvincia]) VALUES (728, N'Malvinas Argentinas', 7)
INSERT [dbo].[Localidades] ([codLocalidad], [nombre], [codProvincia]) VALUES (729, N'Manfredi', 7)
INSERT [dbo].[Localidades] ([codLocalidad], [nombre], [codProvincia]) VALUES (730, N'Maquinista Gallini', 7)
INSERT [dbo].[Localidades] ([codLocalidad], [nombre], [codProvincia]) VALUES (731, N'Marcos Juárez', 7)
INSERT [dbo].[Localidades] ([codLocalidad], [nombre], [codProvincia]) VALUES (732, N'Marull', 7)
INSERT [dbo].[Localidades] ([codLocalidad], [nombre], [codProvincia]) VALUES (733, N'Matorrales', 7)
INSERT [dbo].[Localidades] ([codLocalidad], [nombre], [codProvincia]) VALUES (734, N'Mattaldi', 7)
INSERT [dbo].[Localidades] ([codLocalidad], [nombre], [codProvincia]) VALUES (735, N'Mayu Sumaj', 7)
INSERT [dbo].[Localidades] ([codLocalidad], [nombre], [codProvincia]) VALUES (736, N'Media Naranja', 7)
INSERT [dbo].[Localidades] ([codLocalidad], [nombre], [codProvincia]) VALUES (737, N'Melo', 7)
INSERT [dbo].[Localidades] ([codLocalidad], [nombre], [codProvincia]) VALUES (738, N'Mendiolaza', 7)
INSERT [dbo].[Localidades] ([codLocalidad], [nombre], [codProvincia]) VALUES (739, N'Mi Granja', 7)
INSERT [dbo].[Localidades] ([codLocalidad], [nombre], [codProvincia]) VALUES (740, N'Mina Clavero', 7)
INSERT [dbo].[Localidades] ([codLocalidad], [nombre], [codProvincia]) VALUES (741, N'Miramar', 7)
INSERT [dbo].[Localidades] ([codLocalidad], [nombre], [codProvincia]) VALUES (742, N'Morrison', 7)
INSERT [dbo].[Localidades] ([codLocalidad], [nombre], [codProvincia]) VALUES (743, N'Morteros', 7)
INSERT [dbo].[Localidades] ([codLocalidad], [nombre], [codProvincia]) VALUES (744, N'Mte. Buey', 7)
INSERT [dbo].[Localidades] ([codLocalidad], [nombre], [codProvincia]) VALUES (745, N'Mte. Cristo', 7)
INSERT [dbo].[Localidades] ([codLocalidad], [nombre], [codProvincia]) VALUES (746, N'Mte. De Los Gauchos', 7)
INSERT [dbo].[Localidades] ([codLocalidad], [nombre], [codProvincia]) VALUES (747, N'Mte. Leña', 7)
INSERT [dbo].[Localidades] ([codLocalidad], [nombre], [codProvincia]) VALUES (748, N'Mte. Maíz', 7)
INSERT [dbo].[Localidades] ([codLocalidad], [nombre], [codProvincia]) VALUES (749, N'Mte. Ralo', 7)
INSERT [dbo].[Localidades] ([codLocalidad], [nombre], [codProvincia]) VALUES (750, N'Nicolás Bruzone', 7)
INSERT [dbo].[Localidades] ([codLocalidad], [nombre], [codProvincia]) VALUES (751, N'Noetinger', 7)
INSERT [dbo].[Localidades] ([codLocalidad], [nombre], [codProvincia]) VALUES (752, N'Nono', 7)
INSERT [dbo].[Localidades] ([codLocalidad], [nombre], [codProvincia]) VALUES (753, N'Nueva 7', 7)
INSERT [dbo].[Localidades] ([codLocalidad], [nombre], [codProvincia]) VALUES (754, N'Obispo Trejo', 7)
INSERT [dbo].[Localidades] ([codLocalidad], [nombre], [codProvincia]) VALUES (755, N'Olaeta', 7)
INSERT [dbo].[Localidades] ([codLocalidad], [nombre], [codProvincia]) VALUES (756, N'Oliva', 7)
INSERT [dbo].[Localidades] ([codLocalidad], [nombre], [codProvincia]) VALUES (757, N'Olivares San Nicolás', 7)
INSERT [dbo].[Localidades] ([codLocalidad], [nombre], [codProvincia]) VALUES (758, N'Onagolty', 7)
INSERT [dbo].[Localidades] ([codLocalidad], [nombre], [codProvincia]) VALUES (759, N'Oncativo', 7)
INSERT [dbo].[Localidades] ([codLocalidad], [nombre], [codProvincia]) VALUES (760, N'Ordoñez', 7)
INSERT [dbo].[Localidades] ([codLocalidad], [nombre], [codProvincia]) VALUES (761, N'Pacheco De Melo', 7)
INSERT [dbo].[Localidades] ([codLocalidad], [nombre], [codProvincia]) VALUES (762, N'Pampayasta N.', 7)
INSERT [dbo].[Localidades] ([codLocalidad], [nombre], [codProvincia]) VALUES (763, N'Pampayasta S.', 7)
INSERT [dbo].[Localidades] ([codLocalidad], [nombre], [codProvincia]) VALUES (764, N'Panaholma', 7)
INSERT [dbo].[Localidades] ([codLocalidad], [nombre], [codProvincia]) VALUES (765, N'Pascanas', 7)
INSERT [dbo].[Localidades] ([codLocalidad], [nombre], [codProvincia]) VALUES (766, N'Pasco', 7)
INSERT [dbo].[Localidades] ([codLocalidad], [nombre], [codProvincia]) VALUES (767, N'Paso del Durazno', 7)
INSERT [dbo].[Localidades] ([codLocalidad], [nombre], [codProvincia]) VALUES (768, N'Paso Viejo', 7)
INSERT [dbo].[Localidades] ([codLocalidad], [nombre], [codProvincia]) VALUES (769, N'Pilar', 7)
INSERT [dbo].[Localidades] ([codLocalidad], [nombre], [codProvincia]) VALUES (770, N'Pincén', 7)
INSERT [dbo].[Localidades] ([codLocalidad], [nombre], [codProvincia]) VALUES (771, N'Piquillín', 7)
INSERT [dbo].[Localidades] ([codLocalidad], [nombre], [codProvincia]) VALUES (772, N'Plaza de Mercedes', 7)
INSERT [dbo].[Localidades] ([codLocalidad], [nombre], [codProvincia]) VALUES (773, N'Plaza Luxardo', 7)
INSERT [dbo].[Localidades] ([codLocalidad], [nombre], [codProvincia]) VALUES (774, N'Porteña', 7)
INSERT [dbo].[Localidades] ([codLocalidad], [nombre], [codProvincia]) VALUES (775, N'Potrero de Garay', 7)
INSERT [dbo].[Localidades] ([codLocalidad], [nombre], [codProvincia]) VALUES (776, N'Pozo del Molle', 7)
INSERT [dbo].[Localidades] ([codLocalidad], [nombre], [codProvincia]) VALUES (777, N'Pozo Nuevo', 7)
INSERT [dbo].[Localidades] ([codLocalidad], [nombre], [codProvincia]) VALUES (778, N'Pueblo Italiano', 7)
INSERT [dbo].[Localidades] ([codLocalidad], [nombre], [codProvincia]) VALUES (779, N'Puesto de Castro', 7)
INSERT [dbo].[Localidades] ([codLocalidad], [nombre], [codProvincia]) VALUES (780, N'Punta del Agua', 7)
INSERT [dbo].[Localidades] ([codLocalidad], [nombre], [codProvincia]) VALUES (781, N'Quebracho Herrado', 7)
INSERT [dbo].[Localidades] ([codLocalidad], [nombre], [codProvincia]) VALUES (782, N'Quilino', 7)
INSERT [dbo].[Localidades] ([codLocalidad], [nombre], [codProvincia]) VALUES (783, N'Rafael García', 7)
INSERT [dbo].[Localidades] ([codLocalidad], [nombre], [codProvincia]) VALUES (784, N'Ranqueles', 7)
INSERT [dbo].[Localidades] ([codLocalidad], [nombre], [codProvincia]) VALUES (785, N'Rayo Cortado', 7)
INSERT [dbo].[Localidades] ([codLocalidad], [nombre], [codProvincia]) VALUES (786, N'Reducción', 7)
INSERT [dbo].[Localidades] ([codLocalidad], [nombre], [codProvincia]) VALUES (787, N'Rincón', 7)
INSERT [dbo].[Localidades] ([codLocalidad], [nombre], [codProvincia]) VALUES (788, N'Río Bamba', 7)
INSERT [dbo].[Localidades] ([codLocalidad], [nombre], [codProvincia]) VALUES (789, N'Río Ceballos', 7)
INSERT [dbo].[Localidades] ([codLocalidad], [nombre], [codProvincia]) VALUES (790, N'Río Cuarto', 7)
INSERT [dbo].[Localidades] ([codLocalidad], [nombre], [codProvincia]) VALUES (791, N'Río de Los Sauces', 7)
INSERT [dbo].[Localidades] ([codLocalidad], [nombre], [codProvincia]) VALUES (792, N'Río Primero', 7)
INSERT [dbo].[Localidades] ([codLocalidad], [nombre], [codProvincia]) VALUES (793, N'Río Segundo', 7)
INSERT [dbo].[Localidades] ([codLocalidad], [nombre], [codProvincia]) VALUES (794, N'Río Tercero', 7)
INSERT [dbo].[Localidades] ([codLocalidad], [nombre], [codProvincia]) VALUES (795, N'Rosales', 7)
INSERT [dbo].[Localidades] ([codLocalidad], [nombre], [codProvincia]) VALUES (796, N'Rosario del Saladillo', 7)
INSERT [dbo].[Localidades] ([codLocalidad], [nombre], [codProvincia]) VALUES (797, N'Sacanta', 7)
INSERT [dbo].[Localidades] ([codLocalidad], [nombre], [codProvincia]) VALUES (798, N'Sagrada Familia', 7)
INSERT [dbo].[Localidades] ([codLocalidad], [nombre], [codProvincia]) VALUES (799, N'Saira', 7)
INSERT [dbo].[Localidades] ([codLocalidad], [nombre], [codProvincia]) VALUES (800, N'Saladillo', 7)
INSERT [dbo].[Localidades] ([codLocalidad], [nombre], [codProvincia]) VALUES (801, N'Saldán', 7)
INSERT [dbo].[Localidades] ([codLocalidad], [nombre], [codProvincia]) VALUES (802, N'Salsacate', 7)
INSERT [dbo].[Localidades] ([codLocalidad], [nombre], [codProvincia]) VALUES (803, N'Salsipuedes', 7)
INSERT [dbo].[Localidades] ([codLocalidad], [nombre], [codProvincia]) VALUES (804, N'Sampacho', 7)
INSERT [dbo].[Localidades] ([codLocalidad], [nombre], [codProvincia]) VALUES (805, N'San Agustín', 7)
INSERT [dbo].[Localidades] ([codLocalidad], [nombre], [codProvincia]) VALUES (806, N'San Antonio de Arredondo', 7)
INSERT [dbo].[Localidades] ([codLocalidad], [nombre], [codProvincia]) VALUES (807, N'San Antonio de Litín', 7)
INSERT [dbo].[Localidades] ([codLocalidad], [nombre], [codProvincia]) VALUES (808, N'San Basilio', 7)
GO
print 'Processed 800 total records'
INSERT [dbo].[Localidades] ([codLocalidad], [nombre], [codProvincia]) VALUES (809, N'San Carlos Minas', 7)
INSERT [dbo].[Localidades] ([codLocalidad], [nombre], [codProvincia]) VALUES (810, N'San Clemente', 7)
INSERT [dbo].[Localidades] ([codLocalidad], [nombre], [codProvincia]) VALUES (811, N'San Esteban', 7)
INSERT [dbo].[Localidades] ([codLocalidad], [nombre], [codProvincia]) VALUES (812, N'San Francisco', 7)
INSERT [dbo].[Localidades] ([codLocalidad], [nombre], [codProvincia]) VALUES (813, N'San Ignacio', 7)
INSERT [dbo].[Localidades] ([codLocalidad], [nombre], [codProvincia]) VALUES (814, N'San Javier', 7)
INSERT [dbo].[Localidades] ([codLocalidad], [nombre], [codProvincia]) VALUES (815, N'San Jerónimo', 7)
INSERT [dbo].[Localidades] ([codLocalidad], [nombre], [codProvincia]) VALUES (816, N'San Joaquín', 7)
INSERT [dbo].[Localidades] ([codLocalidad], [nombre], [codProvincia]) VALUES (817, N'San José de La Dormida', 7)
INSERT [dbo].[Localidades] ([codLocalidad], [nombre], [codProvincia]) VALUES (818, N'San José de Las Salinas', 7)
INSERT [dbo].[Localidades] ([codLocalidad], [nombre], [codProvincia]) VALUES (819, N'San Lorenzo', 7)
INSERT [dbo].[Localidades] ([codLocalidad], [nombre], [codProvincia]) VALUES (820, N'San Marcos Sierras', 7)
INSERT [dbo].[Localidades] ([codLocalidad], [nombre], [codProvincia]) VALUES (821, N'San Marcos Sud', 7)
INSERT [dbo].[Localidades] ([codLocalidad], [nombre], [codProvincia]) VALUES (822, N'San Pedro', 7)
INSERT [dbo].[Localidades] ([codLocalidad], [nombre], [codProvincia]) VALUES (823, N'San Pedro N.', 7)
INSERT [dbo].[Localidades] ([codLocalidad], [nombre], [codProvincia]) VALUES (824, N'San Roque', 7)
INSERT [dbo].[Localidades] ([codLocalidad], [nombre], [codProvincia]) VALUES (825, N'San Vicente', 7)
INSERT [dbo].[Localidades] ([codLocalidad], [nombre], [codProvincia]) VALUES (826, N'Santa Catalina', 7)
INSERT [dbo].[Localidades] ([codLocalidad], [nombre], [codProvincia]) VALUES (827, N'Santa Elena', 7)
INSERT [dbo].[Localidades] ([codLocalidad], [nombre], [codProvincia]) VALUES (828, N'Santa Eufemia', 7)
INSERT [dbo].[Localidades] ([codLocalidad], [nombre], [codProvincia]) VALUES (829, N'Santa Maria', 7)
INSERT [dbo].[Localidades] ([codLocalidad], [nombre], [codProvincia]) VALUES (830, N'Sarmiento', 7)
INSERT [dbo].[Localidades] ([codLocalidad], [nombre], [codProvincia]) VALUES (831, N'Saturnino M.Laspiur', 7)
INSERT [dbo].[Localidades] ([codLocalidad], [nombre], [codProvincia]) VALUES (832, N'Sauce Arriba', 7)
INSERT [dbo].[Localidades] ([codLocalidad], [nombre], [codProvincia]) VALUES (833, N'Sebastián Elcano', 7)
INSERT [dbo].[Localidades] ([codLocalidad], [nombre], [codProvincia]) VALUES (834, N'Seeber', 7)
INSERT [dbo].[Localidades] ([codLocalidad], [nombre], [codProvincia]) VALUES (835, N'Segunda Usina', 7)
INSERT [dbo].[Localidades] ([codLocalidad], [nombre], [codProvincia]) VALUES (836, N'Serrano', 7)
INSERT [dbo].[Localidades] ([codLocalidad], [nombre], [codProvincia]) VALUES (837, N'Serrezuela', 7)
INSERT [dbo].[Localidades] ([codLocalidad], [nombre], [codProvincia]) VALUES (838, N'Sgo. Temple', 7)
INSERT [dbo].[Localidades] ([codLocalidad], [nombre], [codProvincia]) VALUES (839, N'Silvio Pellico', 7)
INSERT [dbo].[Localidades] ([codLocalidad], [nombre], [codProvincia]) VALUES (840, N'Simbolar', 7)
INSERT [dbo].[Localidades] ([codLocalidad], [nombre], [codProvincia]) VALUES (841, N'Sinsacate', 7)
INSERT [dbo].[Localidades] ([codLocalidad], [nombre], [codProvincia]) VALUES (842, N'Sta. Rosa de Calamuchita', 7)
INSERT [dbo].[Localidades] ([codLocalidad], [nombre], [codProvincia]) VALUES (843, N'Sta. Rosa de Río Primero', 7)
INSERT [dbo].[Localidades] ([codLocalidad], [nombre], [codProvincia]) VALUES (844, N'Suco', 7)
INSERT [dbo].[Localidades] ([codLocalidad], [nombre], [codProvincia]) VALUES (845, N'Tala Cañada', 7)
INSERT [dbo].[Localidades] ([codLocalidad], [nombre], [codProvincia]) VALUES (846, N'Tala Huasi', 7)
INSERT [dbo].[Localidades] ([codLocalidad], [nombre], [codProvincia]) VALUES (847, N'Talaini', 7)
INSERT [dbo].[Localidades] ([codLocalidad], [nombre], [codProvincia]) VALUES (848, N'Tancacha', 7)
INSERT [dbo].[Localidades] ([codLocalidad], [nombre], [codProvincia]) VALUES (849, N'Tanti', 7)
INSERT [dbo].[Localidades] ([codLocalidad], [nombre], [codProvincia]) VALUES (850, N'Ticino', 7)
INSERT [dbo].[Localidades] ([codLocalidad], [nombre], [codProvincia]) VALUES (851, N'Tinoco', 7)
INSERT [dbo].[Localidades] ([codLocalidad], [nombre], [codProvincia]) VALUES (852, N'Tío Pujio', 7)
INSERT [dbo].[Localidades] ([codLocalidad], [nombre], [codProvincia]) VALUES (853, N'Toledo', 7)
INSERT [dbo].[Localidades] ([codLocalidad], [nombre], [codProvincia]) VALUES (854, N'Toro Pujio', 7)
INSERT [dbo].[Localidades] ([codLocalidad], [nombre], [codProvincia]) VALUES (855, N'Tosno', 7)
INSERT [dbo].[Localidades] ([codLocalidad], [nombre], [codProvincia]) VALUES (856, N'Tosquita', 7)
INSERT [dbo].[Localidades] ([codLocalidad], [nombre], [codProvincia]) VALUES (857, N'Tránsito', 7)
INSERT [dbo].[Localidades] ([codLocalidad], [nombre], [codProvincia]) VALUES (858, N'Tuclame', 7)
INSERT [dbo].[Localidades] ([codLocalidad], [nombre], [codProvincia]) VALUES (859, N'Tutti', 7)
INSERT [dbo].[Localidades] ([codLocalidad], [nombre], [codProvincia]) VALUES (860, N'Ucacha', 7)
INSERT [dbo].[Localidades] ([codLocalidad], [nombre], [codProvincia]) VALUES (861, N'Unquillo', 7)
INSERT [dbo].[Localidades] ([codLocalidad], [nombre], [codProvincia]) VALUES (862, N'Valle de Anisacate', 7)
INSERT [dbo].[Localidades] ([codLocalidad], [nombre], [codProvincia]) VALUES (863, N'Valle Hermoso', 7)
INSERT [dbo].[Localidades] ([codLocalidad], [nombre], [codProvincia]) VALUES (864, N'Vélez Sarfield', 7)
INSERT [dbo].[Localidades] ([codLocalidad], [nombre], [codProvincia]) VALUES (865, N'Viamonte', 7)
INSERT [dbo].[Localidades] ([codLocalidad], [nombre], [codProvincia]) VALUES (866, N'Vicuña Mackenna', 7)
INSERT [dbo].[Localidades] ([codLocalidad], [nombre], [codProvincia]) VALUES (867, N'Villa Allende', 7)
INSERT [dbo].[Localidades] ([codLocalidad], [nombre], [codProvincia]) VALUES (868, N'Villa Amancay', 7)
INSERT [dbo].[Localidades] ([codLocalidad], [nombre], [codProvincia]) VALUES (869, N'Villa Ascasubi', 7)
INSERT [dbo].[Localidades] ([codLocalidad], [nombre], [codProvincia]) VALUES (870, N'Villa Candelaria N.', 7)
INSERT [dbo].[Localidades] ([codLocalidad], [nombre], [codProvincia]) VALUES (871, N'Villa Carlos Paz', 7)
INSERT [dbo].[Localidades] ([codLocalidad], [nombre], [codProvincia]) VALUES (872, N'Villa Cerro Azul', 7)
INSERT [dbo].[Localidades] ([codLocalidad], [nombre], [codProvincia]) VALUES (873, N'Villa Ciudad de América', 7)
INSERT [dbo].[Localidades] ([codLocalidad], [nombre], [codProvincia]) VALUES (874, N'Villa Ciudad Pque Los Reartes', 7)
INSERT [dbo].[Localidades] ([codLocalidad], [nombre], [codProvincia]) VALUES (875, N'Villa Concepción del Tío', 7)
INSERT [dbo].[Localidades] ([codLocalidad], [nombre], [codProvincia]) VALUES (876, N'Villa Cura Brochero', 7)
INSERT [dbo].[Localidades] ([codLocalidad], [nombre], [codProvincia]) VALUES (877, N'Villa de Las Rosas', 7)
INSERT [dbo].[Localidades] ([codLocalidad], [nombre], [codProvincia]) VALUES (878, N'Villa de María', 7)
INSERT [dbo].[Localidades] ([codLocalidad], [nombre], [codProvincia]) VALUES (879, N'Villa de Pocho', 7)
INSERT [dbo].[Localidades] ([codLocalidad], [nombre], [codProvincia]) VALUES (880, N'Villa de Soto', 7)
INSERT [dbo].[Localidades] ([codLocalidad], [nombre], [codProvincia]) VALUES (881, N'Villa del Dique', 7)
INSERT [dbo].[Localidades] ([codLocalidad], [nombre], [codProvincia]) VALUES (882, N'Villa del Prado', 7)
INSERT [dbo].[Localidades] ([codLocalidad], [nombre], [codProvincia]) VALUES (883, N'Villa del Rosario', 7)
INSERT [dbo].[Localidades] ([codLocalidad], [nombre], [codProvincia]) VALUES (884, N'Villa del Totoral', 7)
INSERT [dbo].[Localidades] ([codLocalidad], [nombre], [codProvincia]) VALUES (885, N'Villa Dolores', 7)
INSERT [dbo].[Localidades] ([codLocalidad], [nombre], [codProvincia]) VALUES (886, N'Villa El Chancay', 7)
INSERT [dbo].[Localidades] ([codLocalidad], [nombre], [codProvincia]) VALUES (887, N'Villa Elisa', 7)
INSERT [dbo].[Localidades] ([codLocalidad], [nombre], [codProvincia]) VALUES (888, N'Villa Flor Serrana', 7)
INSERT [dbo].[Localidades] ([codLocalidad], [nombre], [codProvincia]) VALUES (889, N'Villa Fontana', 7)
INSERT [dbo].[Localidades] ([codLocalidad], [nombre], [codProvincia]) VALUES (890, N'Villa Giardino', 7)
INSERT [dbo].[Localidades] ([codLocalidad], [nombre], [codProvincia]) VALUES (891, N'Villa Gral. Belgrano', 7)
INSERT [dbo].[Localidades] ([codLocalidad], [nombre], [codProvincia]) VALUES (892, N'Villa Gutierrez', 7)
INSERT [dbo].[Localidades] ([codLocalidad], [nombre], [codProvincia]) VALUES (893, N'Villa Huidobro', 7)
INSERT [dbo].[Localidades] ([codLocalidad], [nombre], [codProvincia]) VALUES (894, N'Villa La Bolsa', 7)
INSERT [dbo].[Localidades] ([codLocalidad], [nombre], [codProvincia]) VALUES (895, N'Villa Los Aromos', 7)
INSERT [dbo].[Localidades] ([codLocalidad], [nombre], [codProvincia]) VALUES (896, N'Villa Los Patos', 7)
INSERT [dbo].[Localidades] ([codLocalidad], [nombre], [codProvincia]) VALUES (897, N'Villa María', 7)
INSERT [dbo].[Localidades] ([codLocalidad], [nombre], [codProvincia]) VALUES (898, N'Villa Nueva', 7)
INSERT [dbo].[Localidades] ([codLocalidad], [nombre], [codProvincia]) VALUES (899, N'Villa Pque. Santa Ana', 7)
INSERT [dbo].[Localidades] ([codLocalidad], [nombre], [codProvincia]) VALUES (900, N'Villa Pque. Siquiman', 7)
INSERT [dbo].[Localidades] ([codLocalidad], [nombre], [codProvincia]) VALUES (901, N'Villa Quillinzo', 7)
INSERT [dbo].[Localidades] ([codLocalidad], [nombre], [codProvincia]) VALUES (902, N'Villa Rossi', 7)
INSERT [dbo].[Localidades] ([codLocalidad], [nombre], [codProvincia]) VALUES (903, N'Villa Rumipal', 7)
INSERT [dbo].[Localidades] ([codLocalidad], [nombre], [codProvincia]) VALUES (904, N'Villa San Esteban', 7)
INSERT [dbo].[Localidades] ([codLocalidad], [nombre], [codProvincia]) VALUES (905, N'Villa San Isidro', 7)
INSERT [dbo].[Localidades] ([codLocalidad], [nombre], [codProvincia]) VALUES (906, N'Villa 21', 7)
INSERT [dbo].[Localidades] ([codLocalidad], [nombre], [codProvincia]) VALUES (907, N'Villa Sarmiento (G.R)', 7)
INSERT [dbo].[Localidades] ([codLocalidad], [nombre], [codProvincia]) VALUES (908, N'Villa Sarmiento (S.A)', 7)
INSERT [dbo].[Localidades] ([codLocalidad], [nombre], [codProvincia]) VALUES (909, N'Villa Tulumba', 7)
GO
print 'Processed 900 total records'
INSERT [dbo].[Localidades] ([codLocalidad], [nombre], [codProvincia]) VALUES (910, N'Villa Valeria', 7)
INSERT [dbo].[Localidades] ([codLocalidad], [nombre], [codProvincia]) VALUES (911, N'Villa Yacanto', 7)
INSERT [dbo].[Localidades] ([codLocalidad], [nombre], [codProvincia]) VALUES (912, N'Washington', 7)
INSERT [dbo].[Localidades] ([codLocalidad], [nombre], [codProvincia]) VALUES (913, N'Wenceslao Escalante', 7)
INSERT [dbo].[Localidades] ([codLocalidad], [nombre], [codProvincia]) VALUES (914, N'Ycho Cruz Sierras', 7)
INSERT [dbo].[Localidades] ([codLocalidad], [nombre], [codProvincia]) VALUES (915, N'Alvear', 8)
INSERT [dbo].[Localidades] ([codLocalidad], [nombre], [codProvincia]) VALUES (916, N'Bella Vista', 8)
INSERT [dbo].[Localidades] ([codLocalidad], [nombre], [codProvincia]) VALUES (917, N'Berón de Astrada', 8)
INSERT [dbo].[Localidades] ([codLocalidad], [nombre], [codProvincia]) VALUES (918, N'Bonpland', 8)
INSERT [dbo].[Localidades] ([codLocalidad], [nombre], [codProvincia]) VALUES (919, N'Caá Cati', 8)
INSERT [dbo].[Localidades] ([codLocalidad], [nombre], [codProvincia]) VALUES (920, N'Capital', 8)
INSERT [dbo].[Localidades] ([codLocalidad], [nombre], [codProvincia]) VALUES (921, N'Chavarría', 8)
INSERT [dbo].[Localidades] ([codLocalidad], [nombre], [codProvincia]) VALUES (922, N'Col. C. Pellegrini', 8)
INSERT [dbo].[Localidades] ([codLocalidad], [nombre], [codProvincia]) VALUES (923, N'Col. Libertad', 8)
INSERT [dbo].[Localidades] ([codLocalidad], [nombre], [codProvincia]) VALUES (924, N'Col. Liebig', 8)
INSERT [dbo].[Localidades] ([codLocalidad], [nombre], [codProvincia]) VALUES (925, N'Col. Sta Rosa', 8)
INSERT [dbo].[Localidades] ([codLocalidad], [nombre], [codProvincia]) VALUES (926, N'Concepción', 8)
INSERT [dbo].[Localidades] ([codLocalidad], [nombre], [codProvincia]) VALUES (927, N'Cruz de Los Milagros', 8)
INSERT [dbo].[Localidades] ([codLocalidad], [nombre], [codProvincia]) VALUES (928, N'Curuzú-Cuatiá', 8)
INSERT [dbo].[Localidades] ([codLocalidad], [nombre], [codProvincia]) VALUES (929, N'Empedrado', 8)
INSERT [dbo].[Localidades] ([codLocalidad], [nombre], [codProvincia]) VALUES (930, N'Esquina', 8)
INSERT [dbo].[Localidades] ([codLocalidad], [nombre], [codProvincia]) VALUES (931, N'Estación Torrent', 8)
INSERT [dbo].[Localidades] ([codLocalidad], [nombre], [codProvincia]) VALUES (932, N'Felipe Yofré', 8)
INSERT [dbo].[Localidades] ([codLocalidad], [nombre], [codProvincia]) VALUES (933, N'Garruchos', 8)
INSERT [dbo].[Localidades] ([codLocalidad], [nombre], [codProvincia]) VALUES (934, N'Gdor. Agrónomo', 8)
INSERT [dbo].[Localidades] ([codLocalidad], [nombre], [codProvincia]) VALUES (935, N'Gdor. Martínez', 8)
INSERT [dbo].[Localidades] ([codLocalidad], [nombre], [codProvincia]) VALUES (936, N'Goya', 8)
INSERT [dbo].[Localidades] ([codLocalidad], [nombre], [codProvincia]) VALUES (937, N'Guaviravi', 8)
INSERT [dbo].[Localidades] ([codLocalidad], [nombre], [codProvincia]) VALUES (938, N'Herlitzka', 8)
INSERT [dbo].[Localidades] ([codLocalidad], [nombre], [codProvincia]) VALUES (939, N'Ita-Ibate', 8)
INSERT [dbo].[Localidades] ([codLocalidad], [nombre], [codProvincia]) VALUES (940, N'Itatí', 8)
INSERT [dbo].[Localidades] ([codLocalidad], [nombre], [codProvincia]) VALUES (941, N'Ituzaingó', 8)
INSERT [dbo].[Localidades] ([codLocalidad], [nombre], [codProvincia]) VALUES (942, N'José Rafael Gómez', 8)
INSERT [dbo].[Localidades] ([codLocalidad], [nombre], [codProvincia]) VALUES (943, N'Juan Pujol', 8)
INSERT [dbo].[Localidades] ([codLocalidad], [nombre], [codProvincia]) VALUES (944, N'La Cruz', 8)
INSERT [dbo].[Localidades] ([codLocalidad], [nombre], [codProvincia]) VALUES (945, N'Lavalle', 8)
INSERT [dbo].[Localidades] ([codLocalidad], [nombre], [codProvincia]) VALUES (946, N'Lomas de Vallejos', 8)
INSERT [dbo].[Localidades] ([codLocalidad], [nombre], [codProvincia]) VALUES (947, N'Loreto', 8)
INSERT [dbo].[Localidades] ([codLocalidad], [nombre], [codProvincia]) VALUES (948, N'Mariano I. Loza', 8)
INSERT [dbo].[Localidades] ([codLocalidad], [nombre], [codProvincia]) VALUES (949, N'Mburucuyá', 8)
INSERT [dbo].[Localidades] ([codLocalidad], [nombre], [codProvincia]) VALUES (950, N'Mercedes', 8)
INSERT [dbo].[Localidades] ([codLocalidad], [nombre], [codProvincia]) VALUES (951, N'Mocoretá', 8)
INSERT [dbo].[Localidades] ([codLocalidad], [nombre], [codProvincia]) VALUES (952, N'Mte. Caseros', 8)
INSERT [dbo].[Localidades] ([codLocalidad], [nombre], [codProvincia]) VALUES (953, N'Nueve de Julio', 8)
INSERT [dbo].[Localidades] ([codLocalidad], [nombre], [codProvincia]) VALUES (954, N'Palmar Grande', 8)
INSERT [dbo].[Localidades] ([codLocalidad], [nombre], [codProvincia]) VALUES (955, N'Parada Pucheta', 8)
INSERT [dbo].[Localidades] ([codLocalidad], [nombre], [codProvincia]) VALUES (956, N'Paso de La Patria', 8)
INSERT [dbo].[Localidades] ([codLocalidad], [nombre], [codProvincia]) VALUES (957, N'Paso de Los Libres', 8)
INSERT [dbo].[Localidades] ([codLocalidad], [nombre], [codProvincia]) VALUES (958, N'Pedro R. Fernandez', 8)
INSERT [dbo].[Localidades] ([codLocalidad], [nombre], [codProvincia]) VALUES (959, N'Perugorría', 8)
INSERT [dbo].[Localidades] ([codLocalidad], [nombre], [codProvincia]) VALUES (960, N'Pueblo Libertador', 8)
INSERT [dbo].[Localidades] ([codLocalidad], [nombre], [codProvincia]) VALUES (961, N'Ramada Paso', 8)
INSERT [dbo].[Localidades] ([codLocalidad], [nombre], [codProvincia]) VALUES (962, N'Riachuelo', 8)
INSERT [dbo].[Localidades] ([codLocalidad], [nombre], [codProvincia]) VALUES (963, N'Saladas', 8)
INSERT [dbo].[Localidades] ([codLocalidad], [nombre], [codProvincia]) VALUES (964, N'San Antonio', 8)
INSERT [dbo].[Localidades] ([codLocalidad], [nombre], [codProvincia]) VALUES (965, N'San Carlos', 8)
INSERT [dbo].[Localidades] ([codLocalidad], [nombre], [codProvincia]) VALUES (966, N'San Cosme', 8)
INSERT [dbo].[Localidades] ([codLocalidad], [nombre], [codProvincia]) VALUES (967, N'San Lorenzo', 8)
INSERT [dbo].[Localidades] ([codLocalidad], [nombre], [codProvincia]) VALUES (968, N'20 del Palmar', 8)
INSERT [dbo].[Localidades] ([codLocalidad], [nombre], [codProvincia]) VALUES (969, N'San Miguel', 8)
INSERT [dbo].[Localidades] ([codLocalidad], [nombre], [codProvincia]) VALUES (970, N'San Roque', 8)
INSERT [dbo].[Localidades] ([codLocalidad], [nombre], [codProvincia]) VALUES (971, N'Santa Ana', 8)
INSERT [dbo].[Localidades] ([codLocalidad], [nombre], [codProvincia]) VALUES (972, N'Santa Lucía', 8)
INSERT [dbo].[Localidades] ([codLocalidad], [nombre], [codProvincia]) VALUES (973, N'Santo Tomé', 8)
INSERT [dbo].[Localidades] ([codLocalidad], [nombre], [codProvincia]) VALUES (974, N'Sauce', 8)
INSERT [dbo].[Localidades] ([codLocalidad], [nombre], [codProvincia]) VALUES (975, N'Tabay', 8)
INSERT [dbo].[Localidades] ([codLocalidad], [nombre], [codProvincia]) VALUES (976, N'Tapebicuá', 8)
INSERT [dbo].[Localidades] ([codLocalidad], [nombre], [codProvincia]) VALUES (977, N'Tatacua', 8)
INSERT [dbo].[Localidades] ([codLocalidad], [nombre], [codProvincia]) VALUES (978, N'Virasoro', 8)
INSERT [dbo].[Localidades] ([codLocalidad], [nombre], [codProvincia]) VALUES (979, N'Yapeyú', 8)
INSERT [dbo].[Localidades] ([codLocalidad], [nombre], [codProvincia]) VALUES (980, N'Yataití Calle', 8)
INSERT [dbo].[Localidades] ([codLocalidad], [nombre], [codProvincia]) VALUES (981, N'Alarcón', 9)
INSERT [dbo].[Localidades] ([codLocalidad], [nombre], [codProvincia]) VALUES (982, N'Alcaraz', 9)
INSERT [dbo].[Localidades] ([codLocalidad], [nombre], [codProvincia]) VALUES (983, N'Alcaraz N.', 9)
INSERT [dbo].[Localidades] ([codLocalidad], [nombre], [codProvincia]) VALUES (984, N'Alcaraz S.', 9)
INSERT [dbo].[Localidades] ([codLocalidad], [nombre], [codProvincia]) VALUES (985, N'Aldea Asunción', 9)
INSERT [dbo].[Localidades] ([codLocalidad], [nombre], [codProvincia]) VALUES (986, N'Aldea Brasilera', 9)
INSERT [dbo].[Localidades] ([codLocalidad], [nombre], [codProvincia]) VALUES (987, N'Aldea Elgenfeld', 9)
INSERT [dbo].[Localidades] ([codLocalidad], [nombre], [codProvincia]) VALUES (988, N'Aldea Grapschental', 9)
INSERT [dbo].[Localidades] ([codLocalidad], [nombre], [codProvincia]) VALUES (989, N'Aldea Ma. Luisa', 9)
INSERT [dbo].[Localidades] ([codLocalidad], [nombre], [codProvincia]) VALUES (990, N'Aldea Protestante', 9)
INSERT [dbo].[Localidades] ([codLocalidad], [nombre], [codProvincia]) VALUES (991, N'Aldea Salto', 9)
INSERT [dbo].[Localidades] ([codLocalidad], [nombre], [codProvincia]) VALUES (992, N'Aldea San Antonio (G)', 9)
INSERT [dbo].[Localidades] ([codLocalidad], [nombre], [codProvincia]) VALUES (993, N'Aldea San Antonio (P)', 9)
INSERT [dbo].[Localidades] ([codLocalidad], [nombre], [codProvincia]) VALUES (994, N'Aldea 19', 9)
INSERT [dbo].[Localidades] ([codLocalidad], [nombre], [codProvincia]) VALUES (995, N'Aldea San Miguel', 9)
INSERT [dbo].[Localidades] ([codLocalidad], [nombre], [codProvincia]) VALUES (996, N'Aldea San Rafael', 9)
INSERT [dbo].[Localidades] ([codLocalidad], [nombre], [codProvincia]) VALUES (997, N'Aldea Spatzenkutter', 9)
INSERT [dbo].[Localidades] ([codLocalidad], [nombre], [codProvincia]) VALUES (998, N'Aldea Sta. María', 9)
INSERT [dbo].[Localidades] ([codLocalidad], [nombre], [codProvincia]) VALUES (999, N'Aldea Sta. Rosa', 9)
INSERT [dbo].[Localidades] ([codLocalidad], [nombre], [codProvincia]) VALUES (1000, N'Aldea Valle María', 9)
INSERT [dbo].[Localidades] ([codLocalidad], [nombre], [codProvincia]) VALUES (1001, N'Altamirano Sur', 9)
INSERT [dbo].[Localidades] ([codLocalidad], [nombre], [codProvincia]) VALUES (1002, N'Antelo', 9)
INSERT [dbo].[Localidades] ([codLocalidad], [nombre], [codProvincia]) VALUES (1003, N'Antonio Tomás', 9)
INSERT [dbo].[Localidades] ([codLocalidad], [nombre], [codProvincia]) VALUES (1004, N'Aranguren', 9)
INSERT [dbo].[Localidades] ([codLocalidad], [nombre], [codProvincia]) VALUES (1005, N'Arroyo Barú', 9)
INSERT [dbo].[Localidades] ([codLocalidad], [nombre], [codProvincia]) VALUES (1006, N'Arroyo Burgos', 9)
INSERT [dbo].[Localidades] ([codLocalidad], [nombre], [codProvincia]) VALUES (1007, N'Arroyo Clé', 9)
INSERT [dbo].[Localidades] ([codLocalidad], [nombre], [codProvincia]) VALUES (1008, N'Arroyo Corralito', 9)
INSERT [dbo].[Localidades] ([codLocalidad], [nombre], [codProvincia]) VALUES (1009, N'Arroyo del Medio', 9)
INSERT [dbo].[Localidades] ([codLocalidad], [nombre], [codProvincia]) VALUES (1010, N'Arroyo Maturrango', 9)
GO
print 'Processed 1000 total records'
INSERT [dbo].[Localidades] ([codLocalidad], [nombre], [codProvincia]) VALUES (1011, N'Arroyo Palo Seco', 9)
INSERT [dbo].[Localidades] ([codLocalidad], [nombre], [codProvincia]) VALUES (1012, N'Banderas', 9)
INSERT [dbo].[Localidades] ([codLocalidad], [nombre], [codProvincia]) VALUES (1013, N'Basavilbaso', 9)
INSERT [dbo].[Localidades] ([codLocalidad], [nombre], [codProvincia]) VALUES (1014, N'Betbeder', 9)
INSERT [dbo].[Localidades] ([codLocalidad], [nombre], [codProvincia]) VALUES (1015, N'Bovril', 9)
INSERT [dbo].[Localidades] ([codLocalidad], [nombre], [codProvincia]) VALUES (1016, N'Caseros', 9)
INSERT [dbo].[Localidades] ([codLocalidad], [nombre], [codProvincia]) VALUES (1017, N'Ceibas', 9)
INSERT [dbo].[Localidades] ([codLocalidad], [nombre], [codProvincia]) VALUES (1018, N'Cerrito', 9)
INSERT [dbo].[Localidades] ([codLocalidad], [nombre], [codProvincia]) VALUES (1019, N'Chajarí', 9)
INSERT [dbo].[Localidades] ([codLocalidad], [nombre], [codProvincia]) VALUES (1020, N'Chilcas', 9)
INSERT [dbo].[Localidades] ([codLocalidad], [nombre], [codProvincia]) VALUES (1021, N'Clodomiro Ledesma', 9)
INSERT [dbo].[Localidades] ([codLocalidad], [nombre], [codProvincia]) VALUES (1022, N'Col. Alemana', 9)
INSERT [dbo].[Localidades] ([codLocalidad], [nombre], [codProvincia]) VALUES (1023, N'Col. Avellaneda', 9)
INSERT [dbo].[Localidades] ([codLocalidad], [nombre], [codProvincia]) VALUES (1024, N'Col. Avigdor', 9)
INSERT [dbo].[Localidades] ([codLocalidad], [nombre], [codProvincia]) VALUES (1025, N'Col. Ayuí', 9)
INSERT [dbo].[Localidades] ([codLocalidad], [nombre], [codProvincia]) VALUES (1026, N'Col. Baylina', 9)
INSERT [dbo].[Localidades] ([codLocalidad], [nombre], [codProvincia]) VALUES (1027, N'Col. Carrasco', 9)
INSERT [dbo].[Localidades] ([codLocalidad], [nombre], [codProvincia]) VALUES (1028, N'Col. Celina', 9)
INSERT [dbo].[Localidades] ([codLocalidad], [nombre], [codProvincia]) VALUES (1029, N'Col. Cerrito', 9)
INSERT [dbo].[Localidades] ([codLocalidad], [nombre], [codProvincia]) VALUES (1030, N'Col. Crespo', 9)
INSERT [dbo].[Localidades] ([codLocalidad], [nombre], [codProvincia]) VALUES (1031, N'Col. Elia', 9)
INSERT [dbo].[Localidades] ([codLocalidad], [nombre], [codProvincia]) VALUES (1032, N'Col. Ensayo', 9)
INSERT [dbo].[Localidades] ([codLocalidad], [nombre], [codProvincia]) VALUES (1033, N'Col. Gral. Roca', 9)
INSERT [dbo].[Localidades] ([codLocalidad], [nombre], [codProvincia]) VALUES (1034, N'Col. La Argentina', 9)
INSERT [dbo].[Localidades] ([codLocalidad], [nombre], [codProvincia]) VALUES (1035, N'Col. Merou', 9)
INSERT [dbo].[Localidades] ([codLocalidad], [nombre], [codProvincia]) VALUES (1036, N'Col. Oficial Nª3', 9)
INSERT [dbo].[Localidades] ([codLocalidad], [nombre], [codProvincia]) VALUES (1037, N'Col. Oficial Nº13', 9)
INSERT [dbo].[Localidades] ([codLocalidad], [nombre], [codProvincia]) VALUES (1038, N'Col. Oficial Nº14', 9)
INSERT [dbo].[Localidades] ([codLocalidad], [nombre], [codProvincia]) VALUES (1039, N'Col. Oficial Nº5', 9)
INSERT [dbo].[Localidades] ([codLocalidad], [nombre], [codProvincia]) VALUES (1040, N'Col. Reffino', 9)
INSERT [dbo].[Localidades] ([codLocalidad], [nombre], [codProvincia]) VALUES (1041, N'Col. Tunas', 9)
INSERT [dbo].[Localidades] ([codLocalidad], [nombre], [codProvincia]) VALUES (1042, N'Col. Viraró', 9)
INSERT [dbo].[Localidades] ([codLocalidad], [nombre], [codProvincia]) VALUES (1043, N'Colón', 9)
INSERT [dbo].[Localidades] ([codLocalidad], [nombre], [codProvincia]) VALUES (1044, N'Concepción del Uruguay', 9)
INSERT [dbo].[Localidades] ([codLocalidad], [nombre], [codProvincia]) VALUES (1045, N'Concordia', 9)
INSERT [dbo].[Localidades] ([codLocalidad], [nombre], [codProvincia]) VALUES (1046, N'Conscripto Bernardi', 9)
INSERT [dbo].[Localidades] ([codLocalidad], [nombre], [codProvincia]) VALUES (1047, N'Costa Grande', 9)
INSERT [dbo].[Localidades] ([codLocalidad], [nombre], [codProvincia]) VALUES (1048, N'Costa San Antonio', 9)
INSERT [dbo].[Localidades] ([codLocalidad], [nombre], [codProvincia]) VALUES (1049, N'Costa Uruguay N.', 9)
INSERT [dbo].[Localidades] ([codLocalidad], [nombre], [codProvincia]) VALUES (1050, N'Costa Uruguay S.', 9)
INSERT [dbo].[Localidades] ([codLocalidad], [nombre], [codProvincia]) VALUES (1051, N'Crespo', 9)
INSERT [dbo].[Localidades] ([codLocalidad], [nombre], [codProvincia]) VALUES (1052, N'Crucecitas 3ª', 9)
INSERT [dbo].[Localidades] ([codLocalidad], [nombre], [codProvincia]) VALUES (1053, N'Crucecitas 7ª', 9)
INSERT [dbo].[Localidades] ([codLocalidad], [nombre], [codProvincia]) VALUES (1054, N'Crucecitas 8ª', 9)
INSERT [dbo].[Localidades] ([codLocalidad], [nombre], [codProvincia]) VALUES (1055, N'Cuchilla Redonda', 9)
INSERT [dbo].[Localidades] ([codLocalidad], [nombre], [codProvincia]) VALUES (1056, N'Curtiembre', 9)
INSERT [dbo].[Localidades] ([codLocalidad], [nombre], [codProvincia]) VALUES (1057, N'Diamante', 9)
INSERT [dbo].[Localidades] ([codLocalidad], [nombre], [codProvincia]) VALUES (1058, N'Distrito 6º', 9)
INSERT [dbo].[Localidades] ([codLocalidad], [nombre], [codProvincia]) VALUES (1059, N'Distrito Chañar', 9)
INSERT [dbo].[Localidades] ([codLocalidad], [nombre], [codProvincia]) VALUES (1060, N'Distrito Chiqueros', 9)
INSERT [dbo].[Localidades] ([codLocalidad], [nombre], [codProvincia]) VALUES (1061, N'Distrito Cuarto', 9)
INSERT [dbo].[Localidades] ([codLocalidad], [nombre], [codProvincia]) VALUES (1062, N'Distrito Diego López', 9)
INSERT [dbo].[Localidades] ([codLocalidad], [nombre], [codProvincia]) VALUES (1063, N'Distrito Pajonal', 9)
INSERT [dbo].[Localidades] ([codLocalidad], [nombre], [codProvincia]) VALUES (1064, N'Distrito Sauce', 9)
INSERT [dbo].[Localidades] ([codLocalidad], [nombre], [codProvincia]) VALUES (1065, N'Distrito Tala', 9)
INSERT [dbo].[Localidades] ([codLocalidad], [nombre], [codProvincia]) VALUES (1066, N'Distrito Talitas', 9)
INSERT [dbo].[Localidades] ([codLocalidad], [nombre], [codProvincia]) VALUES (1067, N'Don Cristóbal 1ª Sección', 9)
INSERT [dbo].[Localidades] ([codLocalidad], [nombre], [codProvincia]) VALUES (1068, N'Don Cristóbal 2ª Sección', 9)
INSERT [dbo].[Localidades] ([codLocalidad], [nombre], [codProvincia]) VALUES (1069, N'Durazno', 9)
INSERT [dbo].[Localidades] ([codLocalidad], [nombre], [codProvincia]) VALUES (1070, N'El Cimarrón', 9)
INSERT [dbo].[Localidades] ([codLocalidad], [nombre], [codProvincia]) VALUES (1071, N'El Gramillal', 9)
INSERT [dbo].[Localidades] ([codLocalidad], [nombre], [codProvincia]) VALUES (1072, N'El Palenque', 9)
INSERT [dbo].[Localidades] ([codLocalidad], [nombre], [codProvincia]) VALUES (1073, N'El Pingo', 9)
INSERT [dbo].[Localidades] ([codLocalidad], [nombre], [codProvincia]) VALUES (1074, N'El Quebracho', 9)
INSERT [dbo].[Localidades] ([codLocalidad], [nombre], [codProvincia]) VALUES (1075, N'El Redomón', 9)
INSERT [dbo].[Localidades] ([codLocalidad], [nombre], [codProvincia]) VALUES (1076, N'El Solar', 9)
INSERT [dbo].[Localidades] ([codLocalidad], [nombre], [codProvincia]) VALUES (1077, N'Enrique Carbo', 9)
INSERT [dbo].[Localidades] ([codLocalidad], [nombre], [codProvincia]) VALUES (1078, N'9', 9)
INSERT [dbo].[Localidades] ([codLocalidad], [nombre], [codProvincia]) VALUES (1079, N'Espinillo N.', 9)
INSERT [dbo].[Localidades] ([codLocalidad], [nombre], [codProvincia]) VALUES (1080, N'Estación Campos', 9)
INSERT [dbo].[Localidades] ([codLocalidad], [nombre], [codProvincia]) VALUES (1081, N'Estación Escriña', 9)
INSERT [dbo].[Localidades] ([codLocalidad], [nombre], [codProvincia]) VALUES (1082, N'Estación Lazo', 9)
INSERT [dbo].[Localidades] ([codLocalidad], [nombre], [codProvincia]) VALUES (1083, N'Estación Raíces', 9)
INSERT [dbo].[Localidades] ([codLocalidad], [nombre], [codProvincia]) VALUES (1084, N'Estación Yerúa', 9)
INSERT [dbo].[Localidades] ([codLocalidad], [nombre], [codProvincia]) VALUES (1085, N'Estancia Grande', 9)
INSERT [dbo].[Localidades] ([codLocalidad], [nombre], [codProvincia]) VALUES (1086, N'Estancia Líbaros', 9)
INSERT [dbo].[Localidades] ([codLocalidad], [nombre], [codProvincia]) VALUES (1087, N'Estancia Racedo', 9)
INSERT [dbo].[Localidades] ([codLocalidad], [nombre], [codProvincia]) VALUES (1088, N'Estancia Solá', 9)
INSERT [dbo].[Localidades] ([codLocalidad], [nombre], [codProvincia]) VALUES (1089, N'Estancia Yuquerí', 9)
INSERT [dbo].[Localidades] ([codLocalidad], [nombre], [codProvincia]) VALUES (1090, N'Estaquitas', 9)
INSERT [dbo].[Localidades] ([codLocalidad], [nombre], [codProvincia]) VALUES (1091, N'Faustino M. Parera', 9)
INSERT [dbo].[Localidades] ([codLocalidad], [nombre], [codProvincia]) VALUES (1092, N'Febre', 9)
INSERT [dbo].[Localidades] ([codLocalidad], [nombre], [codProvincia]) VALUES (1093, N'Federación', 9)
INSERT [dbo].[Localidades] ([codLocalidad], [nombre], [codProvincia]) VALUES (1094, N'Federal', 9)
INSERT [dbo].[Localidades] ([codLocalidad], [nombre], [codProvincia]) VALUES (1095, N'Gdor. Echagüe', 9)
INSERT [dbo].[Localidades] ([codLocalidad], [nombre], [codProvincia]) VALUES (1096, N'Gdor. Mansilla', 9)
INSERT [dbo].[Localidades] ([codLocalidad], [nombre], [codProvincia]) VALUES (1097, N'Gilbert', 9)
INSERT [dbo].[Localidades] ([codLocalidad], [nombre], [codProvincia]) VALUES (1098, N'González Calderón', 9)
INSERT [dbo].[Localidades] ([codLocalidad], [nombre], [codProvincia]) VALUES (1099, N'Gral. Almada', 9)
INSERT [dbo].[Localidades] ([codLocalidad], [nombre], [codProvincia]) VALUES (1100, N'Gral. Alvear', 9)
INSERT [dbo].[Localidades] ([codLocalidad], [nombre], [codProvincia]) VALUES (1101, N'Gral. Campos', 9)
INSERT [dbo].[Localidades] ([codLocalidad], [nombre], [codProvincia]) VALUES (1102, N'Gral. Galarza', 9)
INSERT [dbo].[Localidades] ([codLocalidad], [nombre], [codProvincia]) VALUES (1103, N'Gral. Ramírez', 9)
INSERT [dbo].[Localidades] ([codLocalidad], [nombre], [codProvincia]) VALUES (1104, N'Gualeguay', 9)
INSERT [dbo].[Localidades] ([codLocalidad], [nombre], [codProvincia]) VALUES (1105, N'Gualeguaychú', 9)
INSERT [dbo].[Localidades] ([codLocalidad], [nombre], [codProvincia]) VALUES (1106, N'Gualeguaycito', 9)
INSERT [dbo].[Localidades] ([codLocalidad], [nombre], [codProvincia]) VALUES (1107, N'Guardamonte', 9)
INSERT [dbo].[Localidades] ([codLocalidad], [nombre], [codProvincia]) VALUES (1108, N'Hambis', 9)
INSERT [dbo].[Localidades] ([codLocalidad], [nombre], [codProvincia]) VALUES (1109, N'Hasenkamp', 9)
INSERT [dbo].[Localidades] ([codLocalidad], [nombre], [codProvincia]) VALUES (1110, N'Hernandarias', 9)
INSERT [dbo].[Localidades] ([codLocalidad], [nombre], [codProvincia]) VALUES (1111, N'Hernández', 9)
GO
print 'Processed 1100 total records'
INSERT [dbo].[Localidades] ([codLocalidad], [nombre], [codProvincia]) VALUES (1112, N'Herrera', 9)
INSERT [dbo].[Localidades] ([codLocalidad], [nombre], [codProvincia]) VALUES (1113, N'Hinojal', 9)
INSERT [dbo].[Localidades] ([codLocalidad], [nombre], [codProvincia]) VALUES (1114, N'Hocker', 9)
INSERT [dbo].[Localidades] ([codLocalidad], [nombre], [codProvincia]) VALUES (1115, N'Ing. Sajaroff', 9)
INSERT [dbo].[Localidades] ([codLocalidad], [nombre], [codProvincia]) VALUES (1116, N'Irazusta', 9)
INSERT [dbo].[Localidades] ([codLocalidad], [nombre], [codProvincia]) VALUES (1117, N'Isletas', 9)
INSERT [dbo].[Localidades] ([codLocalidad], [nombre], [codProvincia]) VALUES (1118, N'J.J De Urquiza', 9)
INSERT [dbo].[Localidades] ([codLocalidad], [nombre], [codProvincia]) VALUES (1119, N'Jubileo', 9)
INSERT [dbo].[Localidades] ([codLocalidad], [nombre], [codProvincia]) VALUES (1120, N'La Clarita', 9)
INSERT [dbo].[Localidades] ([codLocalidad], [nombre], [codProvincia]) VALUES (1121, N'La Criolla', 9)
INSERT [dbo].[Localidades] ([codLocalidad], [nombre], [codProvincia]) VALUES (1122, N'La Esmeralda', 9)
INSERT [dbo].[Localidades] ([codLocalidad], [nombre], [codProvincia]) VALUES (1123, N'La Florida', 9)
INSERT [dbo].[Localidades] ([codLocalidad], [nombre], [codProvincia]) VALUES (1124, N'La Fraternidad', 9)
INSERT [dbo].[Localidades] ([codLocalidad], [nombre], [codProvincia]) VALUES (1125, N'La Hierra', 9)
INSERT [dbo].[Localidades] ([codLocalidad], [nombre], [codProvincia]) VALUES (1126, N'La Ollita', 9)
INSERT [dbo].[Localidades] ([codLocalidad], [nombre], [codProvincia]) VALUES (1127, N'La Paz', 9)
INSERT [dbo].[Localidades] ([codLocalidad], [nombre], [codProvincia]) VALUES (1128, N'La Picada', 9)
INSERT [dbo].[Localidades] ([codLocalidad], [nombre], [codProvincia]) VALUES (1129, N'La Providencia', 9)
INSERT [dbo].[Localidades] ([codLocalidad], [nombre], [codProvincia]) VALUES (1130, N'La Verbena', 9)
INSERT [dbo].[Localidades] ([codLocalidad], [nombre], [codProvincia]) VALUES (1131, N'Laguna Benítez', 9)
INSERT [dbo].[Localidades] ([codLocalidad], [nombre], [codProvincia]) VALUES (1132, N'Larroque', 9)
INSERT [dbo].[Localidades] ([codLocalidad], [nombre], [codProvincia]) VALUES (1133, N'Las Cuevas', 9)
INSERT [dbo].[Localidades] ([codLocalidad], [nombre], [codProvincia]) VALUES (1134, N'Las Garzas', 9)
INSERT [dbo].[Localidades] ([codLocalidad], [nombre], [codProvincia]) VALUES (1135, N'Las Guachas', 9)
INSERT [dbo].[Localidades] ([codLocalidad], [nombre], [codProvincia]) VALUES (1136, N'Las Mercedes', 9)
INSERT [dbo].[Localidades] ([codLocalidad], [nombre], [codProvincia]) VALUES (1137, N'Las Moscas', 9)
INSERT [dbo].[Localidades] ([codLocalidad], [nombre], [codProvincia]) VALUES (1138, N'Las Mulitas', 9)
INSERT [dbo].[Localidades] ([codLocalidad], [nombre], [codProvincia]) VALUES (1139, N'Las Toscas', 9)
INSERT [dbo].[Localidades] ([codLocalidad], [nombre], [codProvincia]) VALUES (1140, N'Laurencena', 9)
INSERT [dbo].[Localidades] ([codLocalidad], [nombre], [codProvincia]) VALUES (1141, N'Libertador San Martín', 9)
INSERT [dbo].[Localidades] ([codLocalidad], [nombre], [codProvincia]) VALUES (1142, N'Loma Limpia', 9)
INSERT [dbo].[Localidades] ([codLocalidad], [nombre], [codProvincia]) VALUES (1143, N'Los Ceibos', 9)
INSERT [dbo].[Localidades] ([codLocalidad], [nombre], [codProvincia]) VALUES (1144, N'Los Charruas', 9)
INSERT [dbo].[Localidades] ([codLocalidad], [nombre], [codProvincia]) VALUES (1145, N'Los Conquistadores', 9)
INSERT [dbo].[Localidades] ([codLocalidad], [nombre], [codProvincia]) VALUES (1146, N'Lucas González', 9)
INSERT [dbo].[Localidades] ([codLocalidad], [nombre], [codProvincia]) VALUES (1147, N'Lucas N.', 9)
INSERT [dbo].[Localidades] ([codLocalidad], [nombre], [codProvincia]) VALUES (1148, N'Lucas S. 1ª', 9)
INSERT [dbo].[Localidades] ([codLocalidad], [nombre], [codProvincia]) VALUES (1149, N'Lucas S. 2ª', 9)
INSERT [dbo].[Localidades] ([codLocalidad], [nombre], [codProvincia]) VALUES (1150, N'Maciá', 9)
INSERT [dbo].[Localidades] ([codLocalidad], [nombre], [codProvincia]) VALUES (1151, N'María Grande', 9)
INSERT [dbo].[Localidades] ([codLocalidad], [nombre], [codProvincia]) VALUES (1152, N'María Grande 2ª', 9)
INSERT [dbo].[Localidades] ([codLocalidad], [nombre], [codProvincia]) VALUES (1153, N'Médanos', 9)
INSERT [dbo].[Localidades] ([codLocalidad], [nombre], [codProvincia]) VALUES (1154, N'Mojones N.', 9)
INSERT [dbo].[Localidades] ([codLocalidad], [nombre], [codProvincia]) VALUES (1155, N'Mojones S.', 9)
INSERT [dbo].[Localidades] ([codLocalidad], [nombre], [codProvincia]) VALUES (1156, N'Molino Doll', 9)
INSERT [dbo].[Localidades] ([codLocalidad], [nombre], [codProvincia]) VALUES (1157, N'Monte Redondo', 9)
INSERT [dbo].[Localidades] ([codLocalidad], [nombre], [codProvincia]) VALUES (1158, N'Montoya', 9)
INSERT [dbo].[Localidades] ([codLocalidad], [nombre], [codProvincia]) VALUES (1159, N'Mulas Grandes', 9)
INSERT [dbo].[Localidades] ([codLocalidad], [nombre], [codProvincia]) VALUES (1160, N'Ñancay', 9)
INSERT [dbo].[Localidades] ([codLocalidad], [nombre], [codProvincia]) VALUES (1161, N'Nogoyá', 9)
INSERT [dbo].[Localidades] ([codLocalidad], [nombre], [codProvincia]) VALUES (1162, N'Nueva Escocia', 9)
INSERT [dbo].[Localidades] ([codLocalidad], [nombre], [codProvincia]) VALUES (1163, N'Nueva Vizcaya', 9)
INSERT [dbo].[Localidades] ([codLocalidad], [nombre], [codProvincia]) VALUES (1164, N'Ombú', 9)
INSERT [dbo].[Localidades] ([codLocalidad], [nombre], [codProvincia]) VALUES (1165, N'Oro Verde', 9)
INSERT [dbo].[Localidades] ([codLocalidad], [nombre], [codProvincia]) VALUES (1166, N'Paraná', 9)
INSERT [dbo].[Localidades] ([codLocalidad], [nombre], [codProvincia]) VALUES (1167, N'Pasaje Guayaquil', 9)
INSERT [dbo].[Localidades] ([codLocalidad], [nombre], [codProvincia]) VALUES (1168, N'Pasaje Las Tunas', 9)
INSERT [dbo].[Localidades] ([codLocalidad], [nombre], [codProvincia]) VALUES (1169, N'Paso de La Arena', 9)
INSERT [dbo].[Localidades] ([codLocalidad], [nombre], [codProvincia]) VALUES (1170, N'Paso de La Laguna', 9)
INSERT [dbo].[Localidades] ([codLocalidad], [nombre], [codProvincia]) VALUES (1171, N'Paso de Las Piedras', 9)
INSERT [dbo].[Localidades] ([codLocalidad], [nombre], [codProvincia]) VALUES (1172, N'Paso Duarte', 9)
INSERT [dbo].[Localidades] ([codLocalidad], [nombre], [codProvincia]) VALUES (1173, N'Pastor Britos', 9)
INSERT [dbo].[Localidades] ([codLocalidad], [nombre], [codProvincia]) VALUES (1174, N'Pedernal', 9)
INSERT [dbo].[Localidades] ([codLocalidad], [nombre], [codProvincia]) VALUES (1175, N'Perdices', 9)
INSERT [dbo].[Localidades] ([codLocalidad], [nombre], [codProvincia]) VALUES (1176, N'Picada Berón', 9)
INSERT [dbo].[Localidades] ([codLocalidad], [nombre], [codProvincia]) VALUES (1177, N'Piedras Blancas', 9)
INSERT [dbo].[Localidades] ([codLocalidad], [nombre], [codProvincia]) VALUES (1178, N'Primer Distrito Cuchilla', 9)
INSERT [dbo].[Localidades] ([codLocalidad], [nombre], [codProvincia]) VALUES (1179, N'Primero de Mayo', 9)
INSERT [dbo].[Localidades] ([codLocalidad], [nombre], [codProvincia]) VALUES (1180, N'Pronunciamiento', 9)
INSERT [dbo].[Localidades] ([codLocalidad], [nombre], [codProvincia]) VALUES (1181, N'Pto. Algarrobo', 9)
INSERT [dbo].[Localidades] ([codLocalidad], [nombre], [codProvincia]) VALUES (1182, N'Pto. Ibicuy', 9)
INSERT [dbo].[Localidades] ([codLocalidad], [nombre], [codProvincia]) VALUES (1183, N'Pueblo Brugo', 9)
INSERT [dbo].[Localidades] ([codLocalidad], [nombre], [codProvincia]) VALUES (1184, N'Pueblo Cazes', 9)
INSERT [dbo].[Localidades] ([codLocalidad], [nombre], [codProvincia]) VALUES (1185, N'Pueblo Gral. Belgrano', 9)
INSERT [dbo].[Localidades] ([codLocalidad], [nombre], [codProvincia]) VALUES (1186, N'Pueblo Liebig', 9)
INSERT [dbo].[Localidades] ([codLocalidad], [nombre], [codProvincia]) VALUES (1187, N'Puerto Yeruá', 9)
INSERT [dbo].[Localidades] ([codLocalidad], [nombre], [codProvincia]) VALUES (1188, N'Punta del Monte', 9)
INSERT [dbo].[Localidades] ([codLocalidad], [nombre], [codProvincia]) VALUES (1189, N'Quebracho', 9)
INSERT [dbo].[Localidades] ([codLocalidad], [nombre], [codProvincia]) VALUES (1190, N'Quinto Distrito', 9)
INSERT [dbo].[Localidades] ([codLocalidad], [nombre], [codProvincia]) VALUES (1191, N'Raices Oeste', 9)
INSERT [dbo].[Localidades] ([codLocalidad], [nombre], [codProvincia]) VALUES (1192, N'Rincón de Nogoyá', 9)
INSERT [dbo].[Localidades] ([codLocalidad], [nombre], [codProvincia]) VALUES (1193, N'Rincón del Cinto', 9)
INSERT [dbo].[Localidades] ([codLocalidad], [nombre], [codProvincia]) VALUES (1194, N'Rincón del Doll', 9)
INSERT [dbo].[Localidades] ([codLocalidad], [nombre], [codProvincia]) VALUES (1195, N'Rincón del Gato', 9)
INSERT [dbo].[Localidades] ([codLocalidad], [nombre], [codProvincia]) VALUES (1196, N'Rocamora', 9)
INSERT [dbo].[Localidades] ([codLocalidad], [nombre], [codProvincia]) VALUES (1197, N'Rosario del Tala', 9)
INSERT [dbo].[Localidades] ([codLocalidad], [nombre], [codProvincia]) VALUES (1198, N'San Benito', 9)
INSERT [dbo].[Localidades] ([codLocalidad], [nombre], [codProvincia]) VALUES (1199, N'San Cipriano', 9)
INSERT [dbo].[Localidades] ([codLocalidad], [nombre], [codProvincia]) VALUES (1200, N'San Ernesto', 9)
INSERT [dbo].[Localidades] ([codLocalidad], [nombre], [codProvincia]) VALUES (1201, N'San Gustavo', 9)
INSERT [dbo].[Localidades] ([codLocalidad], [nombre], [codProvincia]) VALUES (1202, N'San Jaime', 9)
INSERT [dbo].[Localidades] ([codLocalidad], [nombre], [codProvincia]) VALUES (1203, N'San José', 9)
INSERT [dbo].[Localidades] ([codLocalidad], [nombre], [codProvincia]) VALUES (1204, N'San José de Feliciano', 9)
INSERT [dbo].[Localidades] ([codLocalidad], [nombre], [codProvincia]) VALUES (1205, N'San Justo', 9)
INSERT [dbo].[Localidades] ([codLocalidad], [nombre], [codProvincia]) VALUES (1206, N'San Marcial', 9)
INSERT [dbo].[Localidades] ([codLocalidad], [nombre], [codProvincia]) VALUES (1207, N'San Pedro', 9)
INSERT [dbo].[Localidades] ([codLocalidad], [nombre], [codProvincia]) VALUES (1208, N'San Ramírez', 9)
INSERT [dbo].[Localidades] ([codLocalidad], [nombre], [codProvincia]) VALUES (1209, N'San Ramón', 9)
INSERT [dbo].[Localidades] ([codLocalidad], [nombre], [codProvincia]) VALUES (1210, N'San Roque', 9)
INSERT [dbo].[Localidades] ([codLocalidad], [nombre], [codProvincia]) VALUES (1211, N'San Salvador', 9)
INSERT [dbo].[Localidades] ([codLocalidad], [nombre], [codProvincia]) VALUES (1212, N'San Víctor', 9)
GO
print 'Processed 1200 total records'
INSERT [dbo].[Localidades] ([codLocalidad], [nombre], [codProvincia]) VALUES (1213, N'Santa Ana', 9)
INSERT [dbo].[Localidades] ([codLocalidad], [nombre], [codProvincia]) VALUES (1214, N'Santa Anita', 9)
INSERT [dbo].[Localidades] ([codLocalidad], [nombre], [codProvincia]) VALUES (1215, N'Santa Elena', 9)
INSERT [dbo].[Localidades] ([codLocalidad], [nombre], [codProvincia]) VALUES (1216, N'Santa Lucía', 9)
INSERT [dbo].[Localidades] ([codLocalidad], [nombre], [codProvincia]) VALUES (1217, N'Santa Luisa', 9)
INSERT [dbo].[Localidades] ([codLocalidad], [nombre], [codProvincia]) VALUES (1218, N'Sauce de Luna', 9)
INSERT [dbo].[Localidades] ([codLocalidad], [nombre], [codProvincia]) VALUES (1219, N'Sauce Montrull', 9)
INSERT [dbo].[Localidades] ([codLocalidad], [nombre], [codProvincia]) VALUES (1220, N'Sauce Pinto', 9)
INSERT [dbo].[Localidades] ([codLocalidad], [nombre], [codProvincia]) VALUES (1221, N'Sauce Sur', 9)
INSERT [dbo].[Localidades] ([codLocalidad], [nombre], [codProvincia]) VALUES (1222, N'Seguí', 9)
INSERT [dbo].[Localidades] ([codLocalidad], [nombre], [codProvincia]) VALUES (1223, N'Sir Leonard', 9)
INSERT [dbo].[Localidades] ([codLocalidad], [nombre], [codProvincia]) VALUES (1224, N'Sosa', 9)
INSERT [dbo].[Localidades] ([codLocalidad], [nombre], [codProvincia]) VALUES (1225, N'Tabossi', 9)
INSERT [dbo].[Localidades] ([codLocalidad], [nombre], [codProvincia]) VALUES (1226, N'Tezanos Pinto', 9)
INSERT [dbo].[Localidades] ([codLocalidad], [nombre], [codProvincia]) VALUES (1227, N'Ubajay', 9)
INSERT [dbo].[Localidades] ([codLocalidad], [nombre], [codProvincia]) VALUES (1228, N'Urdinarrain', 9)
INSERT [dbo].[Localidades] ([codLocalidad], [nombre], [codProvincia]) VALUES (1229, N'Veinte de Septiembre', 9)
INSERT [dbo].[Localidades] ([codLocalidad], [nombre], [codProvincia]) VALUES (1230, N'Viale', 9)
INSERT [dbo].[Localidades] ([codLocalidad], [nombre], [codProvincia]) VALUES (1231, N'Victoria', 9)
INSERT [dbo].[Localidades] ([codLocalidad], [nombre], [codProvincia]) VALUES (1232, N'Villa Clara', 9)
INSERT [dbo].[Localidades] ([codLocalidad], [nombre], [codProvincia]) VALUES (1233, N'Villa del Rosario', 9)
INSERT [dbo].[Localidades] ([codLocalidad], [nombre], [codProvincia]) VALUES (1234, N'Villa Domínguez', 9)
INSERT [dbo].[Localidades] ([codLocalidad], [nombre], [codProvincia]) VALUES (1235, N'Villa Elisa', 9)
INSERT [dbo].[Localidades] ([codLocalidad], [nombre], [codProvincia]) VALUES (1236, N'Villa Fontana', 9)
INSERT [dbo].[Localidades] ([codLocalidad], [nombre], [codProvincia]) VALUES (1237, N'Villa Gdor. Etchevehere', 9)
INSERT [dbo].[Localidades] ([codLocalidad], [nombre], [codProvincia]) VALUES (1238, N'Villa Mantero', 9)
INSERT [dbo].[Localidades] ([codLocalidad], [nombre], [codProvincia]) VALUES (1239, N'Villa Paranacito', 9)
INSERT [dbo].[Localidades] ([codLocalidad], [nombre], [codProvincia]) VALUES (1240, N'Villa Urquiza', 9)
INSERT [dbo].[Localidades] ([codLocalidad], [nombre], [codProvincia]) VALUES (1241, N'Villaguay', 9)
INSERT [dbo].[Localidades] ([codLocalidad], [nombre], [codProvincia]) VALUES (1242, N'Walter Moss', 9)
INSERT [dbo].[Localidades] ([codLocalidad], [nombre], [codProvincia]) VALUES (1243, N'Yacaré', 9)
INSERT [dbo].[Localidades] ([codLocalidad], [nombre], [codProvincia]) VALUES (1244, N'Yeso Oeste', 9)
INSERT [dbo].[Localidades] ([codLocalidad], [nombre], [codProvincia]) VALUES (1245, N'Buena Vista', 10)
INSERT [dbo].[Localidades] ([codLocalidad], [nombre], [codProvincia]) VALUES (1246, N'Clorinda', 10)
INSERT [dbo].[Localidades] ([codLocalidad], [nombre], [codProvincia]) VALUES (1247, N'Col. Pastoril', 10)
INSERT [dbo].[Localidades] ([codLocalidad], [nombre], [codProvincia]) VALUES (1248, N'Cte. Fontana', 10)
INSERT [dbo].[Localidades] ([codLocalidad], [nombre], [codProvincia]) VALUES (1249, N'El Colorado', 10)
INSERT [dbo].[Localidades] ([codLocalidad], [nombre], [codProvincia]) VALUES (1250, N'El Espinillo', 10)
INSERT [dbo].[Localidades] ([codLocalidad], [nombre], [codProvincia]) VALUES (1251, N'Estanislao Del Campo', 10)
INSERT [dbo].[Localidades] ([codLocalidad], [nombre], [codProvincia]) VALUES (1252, N'10', 10)
INSERT [dbo].[Localidades] ([codLocalidad], [nombre], [codProvincia]) VALUES (1253, N'Fortín Lugones', 10)
INSERT [dbo].[Localidades] ([codLocalidad], [nombre], [codProvincia]) VALUES (1254, N'Gral. Lucio V. Mansilla', 10)
INSERT [dbo].[Localidades] ([codLocalidad], [nombre], [codProvincia]) VALUES (1255, N'Gral. Manuel Belgrano', 10)
INSERT [dbo].[Localidades] ([codLocalidad], [nombre], [codProvincia]) VALUES (1256, N'Gral. Mosconi', 10)
INSERT [dbo].[Localidades] ([codLocalidad], [nombre], [codProvincia]) VALUES (1257, N'Gran Guardia', 10)
INSERT [dbo].[Localidades] ([codLocalidad], [nombre], [codProvincia]) VALUES (1258, N'Herradura', 10)
INSERT [dbo].[Localidades] ([codLocalidad], [nombre], [codProvincia]) VALUES (1259, N'Ibarreta', 10)
INSERT [dbo].[Localidades] ([codLocalidad], [nombre], [codProvincia]) VALUES (1260, N'Ing. Juárez', 10)
INSERT [dbo].[Localidades] ([codLocalidad], [nombre], [codProvincia]) VALUES (1261, N'Laguna Blanca', 10)
INSERT [dbo].[Localidades] ([codLocalidad], [nombre], [codProvincia]) VALUES (1262, N'Laguna Naick Neck', 10)
INSERT [dbo].[Localidades] ([codLocalidad], [nombre], [codProvincia]) VALUES (1263, N'Laguna Yema', 10)
INSERT [dbo].[Localidades] ([codLocalidad], [nombre], [codProvincia]) VALUES (1264, N'Las Lomitas', 10)
INSERT [dbo].[Localidades] ([codLocalidad], [nombre], [codProvincia]) VALUES (1265, N'Los Chiriguanos', 10)
INSERT [dbo].[Localidades] ([codLocalidad], [nombre], [codProvincia]) VALUES (1266, N'Mayor V. Villafañe', 10)
INSERT [dbo].[Localidades] ([codLocalidad], [nombre], [codProvincia]) VALUES (1267, N'Misión San Fco.', 10)
INSERT [dbo].[Localidades] ([codLocalidad], [nombre], [codProvincia]) VALUES (1268, N'Palo Santo', 10)
INSERT [dbo].[Localidades] ([codLocalidad], [nombre], [codProvincia]) VALUES (1269, N'Pirané', 10)
INSERT [dbo].[Localidades] ([codLocalidad], [nombre], [codProvincia]) VALUES (1270, N'Pozo del Maza', 10)
INSERT [dbo].[Localidades] ([codLocalidad], [nombre], [codProvincia]) VALUES (1271, N'Riacho He-He', 10)
INSERT [dbo].[Localidades] ([codLocalidad], [nombre], [codProvincia]) VALUES (1272, N'San Hilario', 10)
INSERT [dbo].[Localidades] ([codLocalidad], [nombre], [codProvincia]) VALUES (1273, N'San Martín II', 10)
INSERT [dbo].[Localidades] ([codLocalidad], [nombre], [codProvincia]) VALUES (1274, N'Siete Palmas', 10)
INSERT [dbo].[Localidades] ([codLocalidad], [nombre], [codProvincia]) VALUES (1275, N'Subteniente Perín', 10)
INSERT [dbo].[Localidades] ([codLocalidad], [nombre], [codProvincia]) VALUES (1276, N'Tres Lagunas', 10)
INSERT [dbo].[Localidades] ([codLocalidad], [nombre], [codProvincia]) VALUES (1277, N'Villa Dos Trece', 10)
INSERT [dbo].[Localidades] ([codLocalidad], [nombre], [codProvincia]) VALUES (1278, N'Villa Escolar', 10)
INSERT [dbo].[Localidades] ([codLocalidad], [nombre], [codProvincia]) VALUES (1279, N'Villa Gral. Güemes', 10)
INSERT [dbo].[Localidades] ([codLocalidad], [nombre], [codProvincia]) VALUES (1280, N'Abdon Castro Tolay', 11)
INSERT [dbo].[Localidades] ([codLocalidad], [nombre], [codProvincia]) VALUES (1281, N'Abra Pampa', 11)
INSERT [dbo].[Localidades] ([codLocalidad], [nombre], [codProvincia]) VALUES (1282, N'Abralaite', 11)
INSERT [dbo].[Localidades] ([codLocalidad], [nombre], [codProvincia]) VALUES (1283, N'Aguas Calientes', 11)
INSERT [dbo].[Localidades] ([codLocalidad], [nombre], [codProvincia]) VALUES (1284, N'Arrayanal', 11)
INSERT [dbo].[Localidades] ([codLocalidad], [nombre], [codProvincia]) VALUES (1285, N'Barrios', 11)
INSERT [dbo].[Localidades] ([codLocalidad], [nombre], [codProvincia]) VALUES (1286, N'Caimancito', 11)
INSERT [dbo].[Localidades] ([codLocalidad], [nombre], [codProvincia]) VALUES (1287, N'Calilegua', 11)
INSERT [dbo].[Localidades] ([codLocalidad], [nombre], [codProvincia]) VALUES (1288, N'Cangrejillos', 11)
INSERT [dbo].[Localidades] ([codLocalidad], [nombre], [codProvincia]) VALUES (1289, N'Caspala', 11)
INSERT [dbo].[Localidades] ([codLocalidad], [nombre], [codProvincia]) VALUES (1290, N'Catuá', 11)
INSERT [dbo].[Localidades] ([codLocalidad], [nombre], [codProvincia]) VALUES (1291, N'Cieneguillas', 11)
INSERT [dbo].[Localidades] ([codLocalidad], [nombre], [codProvincia]) VALUES (1292, N'Coranzulli', 11)
INSERT [dbo].[Localidades] ([codLocalidad], [nombre], [codProvincia]) VALUES (1293, N'Cusi-Cusi', 11)
INSERT [dbo].[Localidades] ([codLocalidad], [nombre], [codProvincia]) VALUES (1294, N'El Aguilar', 11)
INSERT [dbo].[Localidades] ([codLocalidad], [nombre], [codProvincia]) VALUES (1295, N'El Carmen', 11)
INSERT [dbo].[Localidades] ([codLocalidad], [nombre], [codProvincia]) VALUES (1296, N'El Cóndor', 11)
INSERT [dbo].[Localidades] ([codLocalidad], [nombre], [codProvincia]) VALUES (1297, N'El Fuerte', 11)
INSERT [dbo].[Localidades] ([codLocalidad], [nombre], [codProvincia]) VALUES (1298, N'El Piquete', 11)
INSERT [dbo].[Localidades] ([codLocalidad], [nombre], [codProvincia]) VALUES (1299, N'El Talar', 11)
INSERT [dbo].[Localidades] ([codLocalidad], [nombre], [codProvincia]) VALUES (1300, N'Fraile Pintado', 11)
INSERT [dbo].[Localidades] ([codLocalidad], [nombre], [codProvincia]) VALUES (1301, N'Hipólito Yrigoyen', 11)
INSERT [dbo].[Localidades] ([codLocalidad], [nombre], [codProvincia]) VALUES (1302, N'Huacalera', 11)
INSERT [dbo].[Localidades] ([codLocalidad], [nombre], [codProvincia]) VALUES (1303, N'Humahuaca', 11)
INSERT [dbo].[Localidades] ([codLocalidad], [nombre], [codProvincia]) VALUES (1304, N'La Esperanza', 11)
INSERT [dbo].[Localidades] ([codLocalidad], [nombre], [codProvincia]) VALUES (1305, N'La Mendieta', 11)
INSERT [dbo].[Localidades] ([codLocalidad], [nombre], [codProvincia]) VALUES (1306, N'La Quiaca', 11)
INSERT [dbo].[Localidades] ([codLocalidad], [nombre], [codProvincia]) VALUES (1307, N'Ledesma', 11)
INSERT [dbo].[Localidades] ([codLocalidad], [nombre], [codProvincia]) VALUES (1308, N'Libertador Gral. San Martin', 11)
INSERT [dbo].[Localidades] ([codLocalidad], [nombre], [codProvincia]) VALUES (1309, N'Maimara', 11)
INSERT [dbo].[Localidades] ([codLocalidad], [nombre], [codProvincia]) VALUES (1310, N'Mina Pirquitas', 11)
INSERT [dbo].[Localidades] ([codLocalidad], [nombre], [codProvincia]) VALUES (1311, N'Monterrico', 11)
INSERT [dbo].[Localidades] ([codLocalidad], [nombre], [codProvincia]) VALUES (1312, N'Palma Sola', 11)
INSERT [dbo].[Localidades] ([codLocalidad], [nombre], [codProvincia]) VALUES (1313, N'Palpalá', 11)
GO
print 'Processed 1300 total records'
INSERT [dbo].[Localidades] ([codLocalidad], [nombre], [codProvincia]) VALUES (1314, N'Pampa Blanca', 11)
INSERT [dbo].[Localidades] ([codLocalidad], [nombre], [codProvincia]) VALUES (1315, N'Pampichuela', 11)
INSERT [dbo].[Localidades] ([codLocalidad], [nombre], [codProvincia]) VALUES (1316, N'Perico', 11)
INSERT [dbo].[Localidades] ([codLocalidad], [nombre], [codProvincia]) VALUES (1317, N'Puesto del Marqués', 11)
INSERT [dbo].[Localidades] ([codLocalidad], [nombre], [codProvincia]) VALUES (1318, N'Puesto Viejo', 11)
INSERT [dbo].[Localidades] ([codLocalidad], [nombre], [codProvincia]) VALUES (1319, N'Pumahuasi', 11)
INSERT [dbo].[Localidades] ([codLocalidad], [nombre], [codProvincia]) VALUES (1320, N'Purmamarca', 11)
INSERT [dbo].[Localidades] ([codLocalidad], [nombre], [codProvincia]) VALUES (1321, N'Rinconada', 11)
INSERT [dbo].[Localidades] ([codLocalidad], [nombre], [codProvincia]) VALUES (1322, N'Rodeitos', 11)
INSERT [dbo].[Localidades] ([codLocalidad], [nombre], [codProvincia]) VALUES (1323, N'Rosario de Río Grande', 11)
INSERT [dbo].[Localidades] ([codLocalidad], [nombre], [codProvincia]) VALUES (1324, N'San Antonio', 11)
INSERT [dbo].[Localidades] ([codLocalidad], [nombre], [codProvincia]) VALUES (1325, N'San Francisco', 11)
INSERT [dbo].[Localidades] ([codLocalidad], [nombre], [codProvincia]) VALUES (1326, N'San Pedro', 11)
INSERT [dbo].[Localidades] ([codLocalidad], [nombre], [codProvincia]) VALUES (1327, N'San Rafael', 11)
INSERT [dbo].[Localidades] ([codLocalidad], [nombre], [codProvincia]) VALUES (1328, N'San Salvador', 11)
INSERT [dbo].[Localidades] ([codLocalidad], [nombre], [codProvincia]) VALUES (1329, N'Santa Ana', 11)
INSERT [dbo].[Localidades] ([codLocalidad], [nombre], [codProvincia]) VALUES (1330, N'Santa Catalina', 11)
INSERT [dbo].[Localidades] ([codLocalidad], [nombre], [codProvincia]) VALUES (1331, N'Santa Clara', 11)
INSERT [dbo].[Localidades] ([codLocalidad], [nombre], [codProvincia]) VALUES (1332, N'Susques', 11)
INSERT [dbo].[Localidades] ([codLocalidad], [nombre], [codProvincia]) VALUES (1333, N'Tilcara', 11)
INSERT [dbo].[Localidades] ([codLocalidad], [nombre], [codProvincia]) VALUES (1334, N'Tres Cruces', 11)
INSERT [dbo].[Localidades] ([codLocalidad], [nombre], [codProvincia]) VALUES (1335, N'Tumbaya', 11)
INSERT [dbo].[Localidades] ([codLocalidad], [nombre], [codProvincia]) VALUES (1336, N'Valle Grande', 11)
INSERT [dbo].[Localidades] ([codLocalidad], [nombre], [codProvincia]) VALUES (1337, N'Vinalito', 11)
INSERT [dbo].[Localidades] ([codLocalidad], [nombre], [codProvincia]) VALUES (1338, N'Volcán', 11)
INSERT [dbo].[Localidades] ([codLocalidad], [nombre], [codProvincia]) VALUES (1339, N'Yala', 11)
INSERT [dbo].[Localidades] ([codLocalidad], [nombre], [codProvincia]) VALUES (1340, N'Yaví', 11)
INSERT [dbo].[Localidades] ([codLocalidad], [nombre], [codProvincia]) VALUES (1341, N'Yuto', 11)
INSERT [dbo].[Localidades] ([codLocalidad], [nombre], [codProvincia]) VALUES (1342, N'Abramo', 12)
INSERT [dbo].[Localidades] ([codLocalidad], [nombre], [codProvincia]) VALUES (1343, N'Adolfo Van Praet', 12)
INSERT [dbo].[Localidades] ([codLocalidad], [nombre], [codProvincia]) VALUES (1344, N'Agustoni', 12)
INSERT [dbo].[Localidades] ([codLocalidad], [nombre], [codProvincia]) VALUES (1345, N'Algarrobo del Aguila', 12)
INSERT [dbo].[Localidades] ([codLocalidad], [nombre], [codProvincia]) VALUES (1346, N'Alpachiri', 12)
INSERT [dbo].[Localidades] ([codLocalidad], [nombre], [codProvincia]) VALUES (1347, N'Alta Italia', 12)
INSERT [dbo].[Localidades] ([codLocalidad], [nombre], [codProvincia]) VALUES (1348, N'Anguil', 12)
INSERT [dbo].[Localidades] ([codLocalidad], [nombre], [codProvincia]) VALUES (1349, N'Arata', 12)
INSERT [dbo].[Localidades] ([codLocalidad], [nombre], [codProvincia]) VALUES (1350, N'Ataliva Roca', 12)
INSERT [dbo].[Localidades] ([codLocalidad], [nombre], [codProvincia]) VALUES (1351, N'Bernardo Larroude', 12)
INSERT [dbo].[Localidades] ([codLocalidad], [nombre], [codProvincia]) VALUES (1352, N'Bernasconi', 12)
INSERT [dbo].[Localidades] ([codLocalidad], [nombre], [codProvincia]) VALUES (1353, N'Caleufú', 12)
INSERT [dbo].[Localidades] ([codLocalidad], [nombre], [codProvincia]) VALUES (1354, N'Carro Quemado', 12)
INSERT [dbo].[Localidades] ([codLocalidad], [nombre], [codProvincia]) VALUES (1355, N'Catriló', 12)
INSERT [dbo].[Localidades] ([codLocalidad], [nombre], [codProvincia]) VALUES (1356, N'Ceballos', 12)
INSERT [dbo].[Localidades] ([codLocalidad], [nombre], [codProvincia]) VALUES (1357, N'Chacharramendi', 12)
INSERT [dbo].[Localidades] ([codLocalidad], [nombre], [codProvincia]) VALUES (1358, N'Col. Barón', 12)
INSERT [dbo].[Localidades] ([codLocalidad], [nombre], [codProvincia]) VALUES (1359, N'Col. Santa María', 12)
INSERT [dbo].[Localidades] ([codLocalidad], [nombre], [codProvincia]) VALUES (1360, N'Conhelo', 12)
INSERT [dbo].[Localidades] ([codLocalidad], [nombre], [codProvincia]) VALUES (1361, N'Coronel Hilario Lagos', 12)
INSERT [dbo].[Localidades] ([codLocalidad], [nombre], [codProvincia]) VALUES (1362, N'Cuchillo-Có', 12)
INSERT [dbo].[Localidades] ([codLocalidad], [nombre], [codProvincia]) VALUES (1363, N'Doblas', 12)
INSERT [dbo].[Localidades] ([codLocalidad], [nombre], [codProvincia]) VALUES (1364, N'Dorila', 12)
INSERT [dbo].[Localidades] ([codLocalidad], [nombre], [codProvincia]) VALUES (1365, N'Eduardo Castex', 12)
INSERT [dbo].[Localidades] ([codLocalidad], [nombre], [codProvincia]) VALUES (1366, N'Embajador Martini', 12)
INSERT [dbo].[Localidades] ([codLocalidad], [nombre], [codProvincia]) VALUES (1367, N'Falucho', 12)
INSERT [dbo].[Localidades] ([codLocalidad], [nombre], [codProvincia]) VALUES (1368, N'Gral. Acha', 12)
INSERT [dbo].[Localidades] ([codLocalidad], [nombre], [codProvincia]) VALUES (1369, N'Gral. Manuel Campos', 12)
INSERT [dbo].[Localidades] ([codLocalidad], [nombre], [codProvincia]) VALUES (1370, N'Gral. Pico', 12)
INSERT [dbo].[Localidades] ([codLocalidad], [nombre], [codProvincia]) VALUES (1371, N'Guatraché', 12)
INSERT [dbo].[Localidades] ([codLocalidad], [nombre], [codProvincia]) VALUES (1372, N'Ing. Luiggi', 12)
INSERT [dbo].[Localidades] ([codLocalidad], [nombre], [codProvincia]) VALUES (1373, N'Intendente Alvear', 12)
INSERT [dbo].[Localidades] ([codLocalidad], [nombre], [codProvincia]) VALUES (1374, N'Jacinto Arauz', 12)
INSERT [dbo].[Localidades] ([codLocalidad], [nombre], [codProvincia]) VALUES (1375, N'La Adela', 12)
INSERT [dbo].[Localidades] ([codLocalidad], [nombre], [codProvincia]) VALUES (1376, N'La Humada', 12)
INSERT [dbo].[Localidades] ([codLocalidad], [nombre], [codProvincia]) VALUES (1377, N'La Maruja', 12)
INSERT [dbo].[Localidades] ([codLocalidad], [nombre], [codProvincia]) VALUES (1378, N'12', 12)
INSERT [dbo].[Localidades] ([codLocalidad], [nombre], [codProvincia]) VALUES (1379, N'La Reforma', 12)
INSERT [dbo].[Localidades] ([codLocalidad], [nombre], [codProvincia]) VALUES (1380, N'Limay Mahuida', 12)
INSERT [dbo].[Localidades] ([codLocalidad], [nombre], [codProvincia]) VALUES (1381, N'Lonquimay', 12)
INSERT [dbo].[Localidades] ([codLocalidad], [nombre], [codProvincia]) VALUES (1382, N'Loventuel', 12)
INSERT [dbo].[Localidades] ([codLocalidad], [nombre], [codProvincia]) VALUES (1383, N'Luan Toro', 12)
INSERT [dbo].[Localidades] ([codLocalidad], [nombre], [codProvincia]) VALUES (1384, N'Macachín', 12)
INSERT [dbo].[Localidades] ([codLocalidad], [nombre], [codProvincia]) VALUES (1385, N'Maisonnave', 12)
INSERT [dbo].[Localidades] ([codLocalidad], [nombre], [codProvincia]) VALUES (1386, N'Mauricio Mayer', 12)
INSERT [dbo].[Localidades] ([codLocalidad], [nombre], [codProvincia]) VALUES (1387, N'Metileo', 12)
INSERT [dbo].[Localidades] ([codLocalidad], [nombre], [codProvincia]) VALUES (1388, N'Miguel Cané', 12)
INSERT [dbo].[Localidades] ([codLocalidad], [nombre], [codProvincia]) VALUES (1389, N'Miguel Riglos', 12)
INSERT [dbo].[Localidades] ([codLocalidad], [nombre], [codProvincia]) VALUES (1390, N'Monte Nievas', 12)
INSERT [dbo].[Localidades] ([codLocalidad], [nombre], [codProvincia]) VALUES (1391, N'Parera', 12)
INSERT [dbo].[Localidades] ([codLocalidad], [nombre], [codProvincia]) VALUES (1392, N'Perú', 12)
INSERT [dbo].[Localidades] ([codLocalidad], [nombre], [codProvincia]) VALUES (1393, N'Pichi-Huinca', 12)
INSERT [dbo].[Localidades] ([codLocalidad], [nombre], [codProvincia]) VALUES (1394, N'Puelches', 12)
INSERT [dbo].[Localidades] ([codLocalidad], [nombre], [codProvincia]) VALUES (1395, N'Puelén', 12)
INSERT [dbo].[Localidades] ([codLocalidad], [nombre], [codProvincia]) VALUES (1396, N'Quehue', 12)
INSERT [dbo].[Localidades] ([codLocalidad], [nombre], [codProvincia]) VALUES (1397, N'Quemú Quemú', 12)
INSERT [dbo].[Localidades] ([codLocalidad], [nombre], [codProvincia]) VALUES (1398, N'Quetrequén', 12)
INSERT [dbo].[Localidades] ([codLocalidad], [nombre], [codProvincia]) VALUES (1399, N'Rancul', 12)
INSERT [dbo].[Localidades] ([codLocalidad], [nombre], [codProvincia]) VALUES (1400, N'Realicó', 12)
INSERT [dbo].[Localidades] ([codLocalidad], [nombre], [codProvincia]) VALUES (1401, N'Relmo', 12)
INSERT [dbo].[Localidades] ([codLocalidad], [nombre], [codProvincia]) VALUES (1402, N'Rolón', 12)
INSERT [dbo].[Localidades] ([codLocalidad], [nombre], [codProvincia]) VALUES (1403, N'Rucanelo', 12)
INSERT [dbo].[Localidades] ([codLocalidad], [nombre], [codProvincia]) VALUES (1404, N'Sarah', 12)
INSERT [dbo].[Localidades] ([codLocalidad], [nombre], [codProvincia]) VALUES (1405, N'Speluzzi', 12)
INSERT [dbo].[Localidades] ([codLocalidad], [nombre], [codProvincia]) VALUES (1406, N'Sta. Isabel', 12)
INSERT [dbo].[Localidades] ([codLocalidad], [nombre], [codProvincia]) VALUES (1407, N'Sta. Rosa', 12)
INSERT [dbo].[Localidades] ([codLocalidad], [nombre], [codProvincia]) VALUES (1408, N'Sta. Teresa', 12)
INSERT [dbo].[Localidades] ([codLocalidad], [nombre], [codProvincia]) VALUES (1409, N'Telén', 12)
INSERT [dbo].[Localidades] ([codLocalidad], [nombre], [codProvincia]) VALUES (1410, N'Toay', 12)
INSERT [dbo].[Localidades] ([codLocalidad], [nombre], [codProvincia]) VALUES (1411, N'Tomas M. de Anchorena', 12)
INSERT [dbo].[Localidades] ([codLocalidad], [nombre], [codProvincia]) VALUES (1412, N'Trenel', 12)
INSERT [dbo].[Localidades] ([codLocalidad], [nombre], [codProvincia]) VALUES (1413, N'Unanue', 12)
INSERT [dbo].[Localidades] ([codLocalidad], [nombre], [codProvincia]) VALUES (1414, N'Uriburu', 12)
GO
print 'Processed 1400 total records'
INSERT [dbo].[Localidades] ([codLocalidad], [nombre], [codProvincia]) VALUES (1415, N'Veinticinco de Mayo', 12)
INSERT [dbo].[Localidades] ([codLocalidad], [nombre], [codProvincia]) VALUES (1416, N'Vertiz', 12)
INSERT [dbo].[Localidades] ([codLocalidad], [nombre], [codProvincia]) VALUES (1417, N'Victorica', 12)
INSERT [dbo].[Localidades] ([codLocalidad], [nombre], [codProvincia]) VALUES (1418, N'Villa Mirasol', 12)
INSERT [dbo].[Localidades] ([codLocalidad], [nombre], [codProvincia]) VALUES (1419, N'Winifreda', 12)
INSERT [dbo].[Localidades] ([codLocalidad], [nombre], [codProvincia]) VALUES (1420, N'Arauco', 13)
INSERT [dbo].[Localidades] ([codLocalidad], [nombre], [codProvincia]) VALUES (1421, N'Capital', 13)
INSERT [dbo].[Localidades] ([codLocalidad], [nombre], [codProvincia]) VALUES (1422, N'Castro Barros', 13)
INSERT [dbo].[Localidades] ([codLocalidad], [nombre], [codProvincia]) VALUES (1423, N'Chamical', 13)
INSERT [dbo].[Localidades] ([codLocalidad], [nombre], [codProvincia]) VALUES (1424, N'Chilecito', 13)
INSERT [dbo].[Localidades] ([codLocalidad], [nombre], [codProvincia]) VALUES (1425, N'Coronel F. Varela', 13)
INSERT [dbo].[Localidades] ([codLocalidad], [nombre], [codProvincia]) VALUES (1426, N'Famatina', 13)
INSERT [dbo].[Localidades] ([codLocalidad], [nombre], [codProvincia]) VALUES (1427, N'Gral. A.V.Peñaloza', 13)
INSERT [dbo].[Localidades] ([codLocalidad], [nombre], [codProvincia]) VALUES (1428, N'Gral. Belgrano', 13)
INSERT [dbo].[Localidades] ([codLocalidad], [nombre], [codProvincia]) VALUES (1429, N'Gral. J.F. Quiroga', 13)
INSERT [dbo].[Localidades] ([codLocalidad], [nombre], [codProvincia]) VALUES (1430, N'Gral. Lamadrid', 13)
INSERT [dbo].[Localidades] ([codLocalidad], [nombre], [codProvincia]) VALUES (1431, N'Gral. Ocampo', 13)
INSERT [dbo].[Localidades] ([codLocalidad], [nombre], [codProvincia]) VALUES (1432, N'Gral. San Martín', 13)
INSERT [dbo].[Localidades] ([codLocalidad], [nombre], [codProvincia]) VALUES (1433, N'Independencia', 13)
INSERT [dbo].[Localidades] ([codLocalidad], [nombre], [codProvincia]) VALUES (1434, N'Rosario Penaloza', 13)
INSERT [dbo].[Localidades] ([codLocalidad], [nombre], [codProvincia]) VALUES (1435, N'San Blas de Los Sauces', 13)
INSERT [dbo].[Localidades] ([codLocalidad], [nombre], [codProvincia]) VALUES (1436, N'Sanagasta', 13)
INSERT [dbo].[Localidades] ([codLocalidad], [nombre], [codProvincia]) VALUES (1437, N'Vinchina', 13)
INSERT [dbo].[Localidades] ([codLocalidad], [nombre], [codProvincia]) VALUES (1438, N'Capital', 14)
INSERT [dbo].[Localidades] ([codLocalidad], [nombre], [codProvincia]) VALUES (1439, N'Chacras de Coria', 14)
INSERT [dbo].[Localidades] ([codLocalidad], [nombre], [codProvincia]) VALUES (1440, N'Dorrego', 14)
INSERT [dbo].[Localidades] ([codLocalidad], [nombre], [codProvincia]) VALUES (1441, N'Gllen', 14)
INSERT [dbo].[Localidades] ([codLocalidad], [nombre], [codProvincia]) VALUES (1442, N'Godoy Cruz', 14)
INSERT [dbo].[Localidades] ([codLocalidad], [nombre], [codProvincia]) VALUES (1443, N'Gral. Alvear', 14)
INSERT [dbo].[Localidades] ([codLocalidad], [nombre], [codProvincia]) VALUES (1444, N'Guaymallén', 14)
INSERT [dbo].[Localidades] ([codLocalidad], [nombre], [codProvincia]) VALUES (1445, N'Junín', 14)
INSERT [dbo].[Localidades] ([codLocalidad], [nombre], [codProvincia]) VALUES (1446, N'La Paz', 14)
INSERT [dbo].[Localidades] ([codLocalidad], [nombre], [codProvincia]) VALUES (1447, N'Las Heras', 14)
INSERT [dbo].[Localidades] ([codLocalidad], [nombre], [codProvincia]) VALUES (1448, N'Lavalle', 14)
INSERT [dbo].[Localidades] ([codLocalidad], [nombre], [codProvincia]) VALUES (1449, N'Luján', 14)
INSERT [dbo].[Localidades] ([codLocalidad], [nombre], [codProvincia]) VALUES (1450, N'Luján De Cuyo', 14)
INSERT [dbo].[Localidades] ([codLocalidad], [nombre], [codProvincia]) VALUES (1451, N'Maipú', 14)
INSERT [dbo].[Localidades] ([codLocalidad], [nombre], [codProvincia]) VALUES (1452, N'Malargüe', 14)
INSERT [dbo].[Localidades] ([codLocalidad], [nombre], [codProvincia]) VALUES (1453, N'Rivadavia', 14)
INSERT [dbo].[Localidades] ([codLocalidad], [nombre], [codProvincia]) VALUES (1454, N'San Carlos', 14)
INSERT [dbo].[Localidades] ([codLocalidad], [nombre], [codProvincia]) VALUES (1455, N'San Martín', 14)
INSERT [dbo].[Localidades] ([codLocalidad], [nombre], [codProvincia]) VALUES (1456, N'San Rafael', 14)
INSERT [dbo].[Localidades] ([codLocalidad], [nombre], [codProvincia]) VALUES (1457, N'Sta. Rosa', 14)
INSERT [dbo].[Localidades] ([codLocalidad], [nombre], [codProvincia]) VALUES (1458, N'Tunuyán', 14)
INSERT [dbo].[Localidades] ([codLocalidad], [nombre], [codProvincia]) VALUES (1459, N'Tupungato', 14)
INSERT [dbo].[Localidades] ([codLocalidad], [nombre], [codProvincia]) VALUES (1460, N'Villa Nueva', 14)
INSERT [dbo].[Localidades] ([codLocalidad], [nombre], [codProvincia]) VALUES (1461, N'Alba Posse', 15)
INSERT [dbo].[Localidades] ([codLocalidad], [nombre], [codProvincia]) VALUES (1462, N'Almafuerte', 15)
INSERT [dbo].[Localidades] ([codLocalidad], [nombre], [codProvincia]) VALUES (1463, N'Apóstoles', 15)
INSERT [dbo].[Localidades] ([codLocalidad], [nombre], [codProvincia]) VALUES (1464, N'Aristóbulo Del Valle', 15)
INSERT [dbo].[Localidades] ([codLocalidad], [nombre], [codProvincia]) VALUES (1465, N'Arroyo Del Medio', 15)
INSERT [dbo].[Localidades] ([codLocalidad], [nombre], [codProvincia]) VALUES (1466, N'Azara', 15)
INSERT [dbo].[Localidades] ([codLocalidad], [nombre], [codProvincia]) VALUES (1467, N'Bdo. De Irigoyen', 15)
INSERT [dbo].[Localidades] ([codLocalidad], [nombre], [codProvincia]) VALUES (1468, N'Bonpland', 15)
INSERT [dbo].[Localidades] ([codLocalidad], [nombre], [codProvincia]) VALUES (1469, N'Caá Yari', 15)
INSERT [dbo].[Localidades] ([codLocalidad], [nombre], [codProvincia]) VALUES (1470, N'Campo Grande', 15)
INSERT [dbo].[Localidades] ([codLocalidad], [nombre], [codProvincia]) VALUES (1471, N'Campo Ramón', 15)
INSERT [dbo].[Localidades] ([codLocalidad], [nombre], [codProvincia]) VALUES (1472, N'Campo Viera', 15)
INSERT [dbo].[Localidades] ([codLocalidad], [nombre], [codProvincia]) VALUES (1473, N'Candelaria', 15)
INSERT [dbo].[Localidades] ([codLocalidad], [nombre], [codProvincia]) VALUES (1474, N'Capioví', 15)
INSERT [dbo].[Localidades] ([codLocalidad], [nombre], [codProvincia]) VALUES (1475, N'Caraguatay', 15)
INSERT [dbo].[Localidades] ([codLocalidad], [nombre], [codProvincia]) VALUES (1476, N'Cdte. Guacurarí', 15)
INSERT [dbo].[Localidades] ([codLocalidad], [nombre], [codProvincia]) VALUES (1477, N'Cerro Azul', 15)
INSERT [dbo].[Localidades] ([codLocalidad], [nombre], [codProvincia]) VALUES (1478, N'Cerro Corá', 15)
INSERT [dbo].[Localidades] ([codLocalidad], [nombre], [codProvincia]) VALUES (1479, N'Col. Alberdi', 15)
INSERT [dbo].[Localidades] ([codLocalidad], [nombre], [codProvincia]) VALUES (1480, N'Col. Aurora', 15)
INSERT [dbo].[Localidades] ([codLocalidad], [nombre], [codProvincia]) VALUES (1481, N'Col. Delicia', 15)
INSERT [dbo].[Localidades] ([codLocalidad], [nombre], [codProvincia]) VALUES (1482, N'Col. Polana', 15)
INSERT [dbo].[Localidades] ([codLocalidad], [nombre], [codProvincia]) VALUES (1483, N'Col. Victoria', 15)
INSERT [dbo].[Localidades] ([codLocalidad], [nombre], [codProvincia]) VALUES (1484, N'Col. Wanda', 15)
INSERT [dbo].[Localidades] ([codLocalidad], [nombre], [codProvincia]) VALUES (1485, N'Concepción De La Sierra', 15)
INSERT [dbo].[Localidades] ([codLocalidad], [nombre], [codProvincia]) VALUES (1486, N'Corpus', 15)
INSERT [dbo].[Localidades] ([codLocalidad], [nombre], [codProvincia]) VALUES (1487, N'Dos Arroyos', 15)
INSERT [dbo].[Localidades] ([codLocalidad], [nombre], [codProvincia]) VALUES (1488, N'Dos de Mayo', 15)
INSERT [dbo].[Localidades] ([codLocalidad], [nombre], [codProvincia]) VALUES (1489, N'El Alcázar', 15)
INSERT [dbo].[Localidades] ([codLocalidad], [nombre], [codProvincia]) VALUES (1490, N'El Dorado', 15)
INSERT [dbo].[Localidades] ([codLocalidad], [nombre], [codProvincia]) VALUES (1491, N'El Soberbio', 15)
INSERT [dbo].[Localidades] ([codLocalidad], [nombre], [codProvincia]) VALUES (1492, N'Esperanza', 15)
INSERT [dbo].[Localidades] ([codLocalidad], [nombre], [codProvincia]) VALUES (1493, N'F. Ameghino', 15)
INSERT [dbo].[Localidades] ([codLocalidad], [nombre], [codProvincia]) VALUES (1494, N'Fachinal', 15)
INSERT [dbo].[Localidades] ([codLocalidad], [nombre], [codProvincia]) VALUES (1495, N'Garuhapé', 15)
INSERT [dbo].[Localidades] ([codLocalidad], [nombre], [codProvincia]) VALUES (1496, N'Garupá', 15)
INSERT [dbo].[Localidades] ([codLocalidad], [nombre], [codProvincia]) VALUES (1497, N'Gdor. López', 15)
INSERT [dbo].[Localidades] ([codLocalidad], [nombre], [codProvincia]) VALUES (1498, N'Gdor. Roca', 15)
INSERT [dbo].[Localidades] ([codLocalidad], [nombre], [codProvincia]) VALUES (1499, N'Gral. Alvear', 15)
INSERT [dbo].[Localidades] ([codLocalidad], [nombre], [codProvincia]) VALUES (1500, N'Gral. Urquiza', 15)
INSERT [dbo].[Localidades] ([codLocalidad], [nombre], [codProvincia]) VALUES (1501, N'Guaraní', 15)
INSERT [dbo].[Localidades] ([codLocalidad], [nombre], [codProvincia]) VALUES (1502, N'H. Yrigoyen', 15)
INSERT [dbo].[Localidades] ([codLocalidad], [nombre], [codProvincia]) VALUES (1503, N'Iguazú', 15)
INSERT [dbo].[Localidades] ([codLocalidad], [nombre], [codProvincia]) VALUES (1504, N'Itacaruaré', 15)
INSERT [dbo].[Localidades] ([codLocalidad], [nombre], [codProvincia]) VALUES (1505, N'Jardín América', 15)
INSERT [dbo].[Localidades] ([codLocalidad], [nombre], [codProvincia]) VALUES (1506, N'Leandro N. Alem', 15)
INSERT [dbo].[Localidades] ([codLocalidad], [nombre], [codProvincia]) VALUES (1507, N'Libertad', 15)
INSERT [dbo].[Localidades] ([codLocalidad], [nombre], [codProvincia]) VALUES (1508, N'Loreto', 15)
INSERT [dbo].[Localidades] ([codLocalidad], [nombre], [codProvincia]) VALUES (1509, N'Los Helechos', 15)
INSERT [dbo].[Localidades] ([codLocalidad], [nombre], [codProvincia]) VALUES (1510, N'Mártires', 15)
INSERT [dbo].[Localidades] ([codLocalidad], [nombre], [codProvincia]) VALUES (1511, N'15', 15)
INSERT [dbo].[Localidades] ([codLocalidad], [nombre], [codProvincia]) VALUES (1512, N'Mojón Grande', 15)
INSERT [dbo].[Localidades] ([codLocalidad], [nombre], [codProvincia]) VALUES (1513, N'Montecarlo', 15)
INSERT [dbo].[Localidades] ([codLocalidad], [nombre], [codProvincia]) VALUES (1514, N'Nueve de Julio', 15)
INSERT [dbo].[Localidades] ([codLocalidad], [nombre], [codProvincia]) VALUES (1515, N'Oberá', 15)
GO
print 'Processed 1500 total records'
INSERT [dbo].[Localidades] ([codLocalidad], [nombre], [codProvincia]) VALUES (1516, N'Olegario V. Andrade', 15)
INSERT [dbo].[Localidades] ([codLocalidad], [nombre], [codProvincia]) VALUES (1517, N'Panambí', 15)
INSERT [dbo].[Localidades] ([codLocalidad], [nombre], [codProvincia]) VALUES (1518, N'Posadas', 15)
INSERT [dbo].[Localidades] ([codLocalidad], [nombre], [codProvincia]) VALUES (1519, N'Profundidad', 15)
INSERT [dbo].[Localidades] ([codLocalidad], [nombre], [codProvincia]) VALUES (1520, N'Pto. Iguazú', 15)
INSERT [dbo].[Localidades] ([codLocalidad], [nombre], [codProvincia]) VALUES (1521, N'Pto. Leoni', 15)
INSERT [dbo].[Localidades] ([codLocalidad], [nombre], [codProvincia]) VALUES (1522, N'Pto. Piray', 15)
INSERT [dbo].[Localidades] ([codLocalidad], [nombre], [codProvincia]) VALUES (1523, N'Pto. Rico', 15)
INSERT [dbo].[Localidades] ([codLocalidad], [nombre], [codProvincia]) VALUES (1524, N'Ruiz de Montoya', 15)
INSERT [dbo].[Localidades] ([codLocalidad], [nombre], [codProvincia]) VALUES (1525, N'San Antonio', 15)
INSERT [dbo].[Localidades] ([codLocalidad], [nombre], [codProvincia]) VALUES (1526, N'San Ignacio', 15)
INSERT [dbo].[Localidades] ([codLocalidad], [nombre], [codProvincia]) VALUES (1527, N'San Javier', 15)
INSERT [dbo].[Localidades] ([codLocalidad], [nombre], [codProvincia]) VALUES (1528, N'San José', 15)
INSERT [dbo].[Localidades] ([codLocalidad], [nombre], [codProvincia]) VALUES (1529, N'San Martín', 15)
INSERT [dbo].[Localidades] ([codLocalidad], [nombre], [codProvincia]) VALUES (1530, N'San Pedro', 15)
INSERT [dbo].[Localidades] ([codLocalidad], [nombre], [codProvincia]) VALUES (1531, N'San Vicente', 15)
INSERT [dbo].[Localidades] ([codLocalidad], [nombre], [codProvincia]) VALUES (1532, N'Santiago De Liniers', 15)
INSERT [dbo].[Localidades] ([codLocalidad], [nombre], [codProvincia]) VALUES (1533, N'Santo Pipo', 15)
INSERT [dbo].[Localidades] ([codLocalidad], [nombre], [codProvincia]) VALUES (1534, N'Sta. Ana', 15)
INSERT [dbo].[Localidades] ([codLocalidad], [nombre], [codProvincia]) VALUES (1535, N'Sta. María', 15)
INSERT [dbo].[Localidades] ([codLocalidad], [nombre], [codProvincia]) VALUES (1536, N'Tres Capones', 15)
INSERT [dbo].[Localidades] ([codLocalidad], [nombre], [codProvincia]) VALUES (1537, N'Veinticinco de Mayo', 15)
INSERT [dbo].[Localidades] ([codLocalidad], [nombre], [codProvincia]) VALUES (1538, N'Wanda', 15)
INSERT [dbo].[Localidades] ([codLocalidad], [nombre], [codProvincia]) VALUES (1539, N'Aguada San Roque', 16)
INSERT [dbo].[Localidades] ([codLocalidad], [nombre], [codProvincia]) VALUES (1540, N'Aluminé', 16)
INSERT [dbo].[Localidades] ([codLocalidad], [nombre], [codProvincia]) VALUES (1541, N'Andacollo', 16)
INSERT [dbo].[Localidades] ([codLocalidad], [nombre], [codProvincia]) VALUES (1542, N'Añelo', 16)
INSERT [dbo].[Localidades] ([codLocalidad], [nombre], [codProvincia]) VALUES (1543, N'Bajada del Agrio', 16)
INSERT [dbo].[Localidades] ([codLocalidad], [nombre], [codProvincia]) VALUES (1544, N'Barrancas', 16)
INSERT [dbo].[Localidades] ([codLocalidad], [nombre], [codProvincia]) VALUES (1545, N'Buta Ranquil', 16)
INSERT [dbo].[Localidades] ([codLocalidad], [nombre], [codProvincia]) VALUES (1546, N'Capital', 16)
INSERT [dbo].[Localidades] ([codLocalidad], [nombre], [codProvincia]) VALUES (1547, N'Caviahué', 16)
INSERT [dbo].[Localidades] ([codLocalidad], [nombre], [codProvincia]) VALUES (1548, N'Centenario', 16)
INSERT [dbo].[Localidades] ([codLocalidad], [nombre], [codProvincia]) VALUES (1549, N'Chorriaca', 16)
INSERT [dbo].[Localidades] ([codLocalidad], [nombre], [codProvincia]) VALUES (1550, N'Chos Malal', 16)
INSERT [dbo].[Localidades] ([codLocalidad], [nombre], [codProvincia]) VALUES (1551, N'Cipolletti', 16)
INSERT [dbo].[Localidades] ([codLocalidad], [nombre], [codProvincia]) VALUES (1552, N'Covunco Abajo', 16)
INSERT [dbo].[Localidades] ([codLocalidad], [nombre], [codProvincia]) VALUES (1553, N'Coyuco Cochico', 16)
INSERT [dbo].[Localidades] ([codLocalidad], [nombre], [codProvincia]) VALUES (1554, N'Cutral Có', 16)
INSERT [dbo].[Localidades] ([codLocalidad], [nombre], [codProvincia]) VALUES (1555, N'El Cholar', 16)
INSERT [dbo].[Localidades] ([codLocalidad], [nombre], [codProvincia]) VALUES (1556, N'El Huecú', 16)
INSERT [dbo].[Localidades] ([codLocalidad], [nombre], [codProvincia]) VALUES (1557, N'El Sauce', 16)
INSERT [dbo].[Localidades] ([codLocalidad], [nombre], [codProvincia]) VALUES (1558, N'Guañacos', 16)
INSERT [dbo].[Localidades] ([codLocalidad], [nombre], [codProvincia]) VALUES (1559, N'Huinganco', 16)
INSERT [dbo].[Localidades] ([codLocalidad], [nombre], [codProvincia]) VALUES (1560, N'Las Coloradas', 16)
INSERT [dbo].[Localidades] ([codLocalidad], [nombre], [codProvincia]) VALUES (1561, N'Las Lajas', 16)
INSERT [dbo].[Localidades] ([codLocalidad], [nombre], [codProvincia]) VALUES (1562, N'Las Ovejas', 16)
INSERT [dbo].[Localidades] ([codLocalidad], [nombre], [codProvincia]) VALUES (1563, N'Loncopué', 16)
INSERT [dbo].[Localidades] ([codLocalidad], [nombre], [codProvincia]) VALUES (1564, N'Los Catutos', 16)
INSERT [dbo].[Localidades] ([codLocalidad], [nombre], [codProvincia]) VALUES (1565, N'Los Chihuidos', 16)
INSERT [dbo].[Localidades] ([codLocalidad], [nombre], [codProvincia]) VALUES (1566, N'Los Miches', 16)
INSERT [dbo].[Localidades] ([codLocalidad], [nombre], [codProvincia]) VALUES (1567, N'Manzano Amargo', 16)
INSERT [dbo].[Localidades] ([codLocalidad], [nombre], [codProvincia]) VALUES (1568, N'16', 16)
INSERT [dbo].[Localidades] ([codLocalidad], [nombre], [codProvincia]) VALUES (1569, N'Octavio Pico', 16)
INSERT [dbo].[Localidades] ([codLocalidad], [nombre], [codProvincia]) VALUES (1570, N'Paso Aguerre', 16)
INSERT [dbo].[Localidades] ([codLocalidad], [nombre], [codProvincia]) VALUES (1571, N'Picún Leufú', 16)
INSERT [dbo].[Localidades] ([codLocalidad], [nombre], [codProvincia]) VALUES (1572, N'Piedra del Aguila', 16)
INSERT [dbo].[Localidades] ([codLocalidad], [nombre], [codProvincia]) VALUES (1573, N'Pilo Lil', 16)
INSERT [dbo].[Localidades] ([codLocalidad], [nombre], [codProvincia]) VALUES (1574, N'Plaza Huincul', 16)
INSERT [dbo].[Localidades] ([codLocalidad], [nombre], [codProvincia]) VALUES (1575, N'Plottier', 16)
INSERT [dbo].[Localidades] ([codLocalidad], [nombre], [codProvincia]) VALUES (1576, N'Quili Malal', 16)
INSERT [dbo].[Localidades] ([codLocalidad], [nombre], [codProvincia]) VALUES (1577, N'Ramón Castro', 16)
INSERT [dbo].[Localidades] ([codLocalidad], [nombre], [codProvincia]) VALUES (1578, N'Rincón de Los Sauces', 16)
INSERT [dbo].[Localidades] ([codLocalidad], [nombre], [codProvincia]) VALUES (1579, N'San Martín de Los Andes', 16)
INSERT [dbo].[Localidades] ([codLocalidad], [nombre], [codProvincia]) VALUES (1580, N'San Patricio del Chañar', 16)
INSERT [dbo].[Localidades] ([codLocalidad], [nombre], [codProvincia]) VALUES (1581, N'Santo Tomás', 16)
INSERT [dbo].[Localidades] ([codLocalidad], [nombre], [codProvincia]) VALUES (1582, N'Sauzal Bonito', 16)
INSERT [dbo].[Localidades] ([codLocalidad], [nombre], [codProvincia]) VALUES (1583, N'Senillosa', 16)
INSERT [dbo].[Localidades] ([codLocalidad], [nombre], [codProvincia]) VALUES (1584, N'Taquimilán', 16)
INSERT [dbo].[Localidades] ([codLocalidad], [nombre], [codProvincia]) VALUES (1585, N'Tricao Malal', 16)
INSERT [dbo].[Localidades] ([codLocalidad], [nombre], [codProvincia]) VALUES (1586, N'Varvarco', 16)
INSERT [dbo].[Localidades] ([codLocalidad], [nombre], [codProvincia]) VALUES (1587, N'Villa Curí Leuvu', 16)
INSERT [dbo].[Localidades] ([codLocalidad], [nombre], [codProvincia]) VALUES (1588, N'Villa del Nahueve', 16)
INSERT [dbo].[Localidades] ([codLocalidad], [nombre], [codProvincia]) VALUES (1589, N'Villa del Puente Picún Leuvú', 16)
INSERT [dbo].[Localidades] ([codLocalidad], [nombre], [codProvincia]) VALUES (1590, N'Villa El Chocón', 16)
INSERT [dbo].[Localidades] ([codLocalidad], [nombre], [codProvincia]) VALUES (1591, N'Villa La Angostura', 16)
INSERT [dbo].[Localidades] ([codLocalidad], [nombre], [codProvincia]) VALUES (1592, N'Villa Pehuenia', 16)
INSERT [dbo].[Localidades] ([codLocalidad], [nombre], [codProvincia]) VALUES (1593, N'Villa Traful', 16)
INSERT [dbo].[Localidades] ([codLocalidad], [nombre], [codProvincia]) VALUES (1594, N'Vista Alegre', 16)
INSERT [dbo].[Localidades] ([codLocalidad], [nombre], [codProvincia]) VALUES (1595, N'Zapala', 16)
INSERT [dbo].[Localidades] ([codLocalidad], [nombre], [codProvincia]) VALUES (1596, N'Aguada Cecilio', 17)
INSERT [dbo].[Localidades] ([codLocalidad], [nombre], [codProvincia]) VALUES (1597, N'Aguada de Guerra', 17)
INSERT [dbo].[Localidades] ([codLocalidad], [nombre], [codProvincia]) VALUES (1598, N'Allén', 17)
INSERT [dbo].[Localidades] ([codLocalidad], [nombre], [codProvincia]) VALUES (1599, N'Arroyo de La Ventana', 17)
INSERT [dbo].[Localidades] ([codLocalidad], [nombre], [codProvincia]) VALUES (1600, N'Arroyo Los Berros', 17)
INSERT [dbo].[Localidades] ([codLocalidad], [nombre], [codProvincia]) VALUES (1601, N'Bariloche', 17)
INSERT [dbo].[Localidades] ([codLocalidad], [nombre], [codProvincia]) VALUES (1602, N'Calte. Cordero', 17)
INSERT [dbo].[Localidades] ([codLocalidad], [nombre], [codProvincia]) VALUES (1603, N'Campo Grande', 17)
INSERT [dbo].[Localidades] ([codLocalidad], [nombre], [codProvincia]) VALUES (1604, N'Catriel', 17)
INSERT [dbo].[Localidades] ([codLocalidad], [nombre], [codProvincia]) VALUES (1605, N'Cerro Policía', 17)
INSERT [dbo].[Localidades] ([codLocalidad], [nombre], [codProvincia]) VALUES (1606, N'Cervantes', 17)
INSERT [dbo].[Localidades] ([codLocalidad], [nombre], [codProvincia]) VALUES (1607, N'Chelforo', 17)
INSERT [dbo].[Localidades] ([codLocalidad], [nombre], [codProvincia]) VALUES (1608, N'Chimpay', 17)
INSERT [dbo].[Localidades] ([codLocalidad], [nombre], [codProvincia]) VALUES (1609, N'Chinchinales', 17)
INSERT [dbo].[Localidades] ([codLocalidad], [nombre], [codProvincia]) VALUES (1610, N'Chipauquil', 17)
INSERT [dbo].[Localidades] ([codLocalidad], [nombre], [codProvincia]) VALUES (1611, N'Choele Choel', 17)
INSERT [dbo].[Localidades] ([codLocalidad], [nombre], [codProvincia]) VALUES (1612, N'Cinco Saltos', 17)
INSERT [dbo].[Localidades] ([codLocalidad], [nombre], [codProvincia]) VALUES (1613, N'Cipolletti', 17)
INSERT [dbo].[Localidades] ([codLocalidad], [nombre], [codProvincia]) VALUES (1614, N'Clemente Onelli', 17)
INSERT [dbo].[Localidades] ([codLocalidad], [nombre], [codProvincia]) VALUES (1615, N'Colán Conhue', 17)
INSERT [dbo].[Localidades] ([codLocalidad], [nombre], [codProvincia]) VALUES (1616, N'Comallo', 17)
GO
print 'Processed 1600 total records'
INSERT [dbo].[Localidades] ([codLocalidad], [nombre], [codProvincia]) VALUES (1617, N'Comicó', 17)
INSERT [dbo].[Localidades] ([codLocalidad], [nombre], [codProvincia]) VALUES (1618, N'Cona Niyeu', 17)
INSERT [dbo].[Localidades] ([codLocalidad], [nombre], [codProvincia]) VALUES (1619, N'Coronel Belisle', 17)
INSERT [dbo].[Localidades] ([codLocalidad], [nombre], [codProvincia]) VALUES (1620, N'Cubanea', 17)
INSERT [dbo].[Localidades] ([codLocalidad], [nombre], [codProvincia]) VALUES (1621, N'Darwin', 17)
INSERT [dbo].[Localidades] ([codLocalidad], [nombre], [codProvincia]) VALUES (1622, N'Dina Huapi', 17)
INSERT [dbo].[Localidades] ([codLocalidad], [nombre], [codProvincia]) VALUES (1623, N'El Bolsón', 17)
INSERT [dbo].[Localidades] ([codLocalidad], [nombre], [codProvincia]) VALUES (1624, N'El Caín', 17)
INSERT [dbo].[Localidades] ([codLocalidad], [nombre], [codProvincia]) VALUES (1625, N'El Manso', 17)
INSERT [dbo].[Localidades] ([codLocalidad], [nombre], [codProvincia]) VALUES (1626, N'Gral. Conesa', 17)
INSERT [dbo].[Localidades] ([codLocalidad], [nombre], [codProvincia]) VALUES (1627, N'Gral. Enrique Godoy', 17)
INSERT [dbo].[Localidades] ([codLocalidad], [nombre], [codProvincia]) VALUES (1628, N'Gral. Fernandez Oro', 17)
INSERT [dbo].[Localidades] ([codLocalidad], [nombre], [codProvincia]) VALUES (1629, N'Gral. Roca', 17)
INSERT [dbo].[Localidades] ([codLocalidad], [nombre], [codProvincia]) VALUES (1630, N'Guardia Mitre', 17)
INSERT [dbo].[Localidades] ([codLocalidad], [nombre], [codProvincia]) VALUES (1631, N'Ing. Huergo', 17)
INSERT [dbo].[Localidades] ([codLocalidad], [nombre], [codProvincia]) VALUES (1632, N'Ing. Jacobacci', 17)
INSERT [dbo].[Localidades] ([codLocalidad], [nombre], [codProvincia]) VALUES (1633, N'Laguna Blanca', 17)
INSERT [dbo].[Localidades] ([codLocalidad], [nombre], [codProvincia]) VALUES (1634, N'Lamarque', 17)
INSERT [dbo].[Localidades] ([codLocalidad], [nombre], [codProvincia]) VALUES (1635, N'Las Grutas', 17)
INSERT [dbo].[Localidades] ([codLocalidad], [nombre], [codProvincia]) VALUES (1636, N'Los Menucos', 17)
INSERT [dbo].[Localidades] ([codLocalidad], [nombre], [codProvincia]) VALUES (1637, N'Luis Beltrán', 17)
INSERT [dbo].[Localidades] ([codLocalidad], [nombre], [codProvincia]) VALUES (1638, N'Mainqué', 17)
INSERT [dbo].[Localidades] ([codLocalidad], [nombre], [codProvincia]) VALUES (1639, N'Mamuel Choique', 17)
INSERT [dbo].[Localidades] ([codLocalidad], [nombre], [codProvincia]) VALUES (1640, N'Maquinchao', 17)
INSERT [dbo].[Localidades] ([codLocalidad], [nombre], [codProvincia]) VALUES (1641, N'Mencué', 17)
INSERT [dbo].[Localidades] ([codLocalidad], [nombre], [codProvincia]) VALUES (1642, N'Mtro. Ramos Mexia', 17)
INSERT [dbo].[Localidades] ([codLocalidad], [nombre], [codProvincia]) VALUES (1643, N'Nahuel Niyeu', 17)
INSERT [dbo].[Localidades] ([codLocalidad], [nombre], [codProvincia]) VALUES (1644, N'Naupa Huen', 17)
INSERT [dbo].[Localidades] ([codLocalidad], [nombre], [codProvincia]) VALUES (1645, N'Ñorquinco', 17)
INSERT [dbo].[Localidades] ([codLocalidad], [nombre], [codProvincia]) VALUES (1646, N'Ojos de Agua', 17)
INSERT [dbo].[Localidades] ([codLocalidad], [nombre], [codProvincia]) VALUES (1647, N'Paso de Agua', 17)
INSERT [dbo].[Localidades] ([codLocalidad], [nombre], [codProvincia]) VALUES (1648, N'Paso Flores', 17)
INSERT [dbo].[Localidades] ([codLocalidad], [nombre], [codProvincia]) VALUES (1649, N'Peñas Blancas', 17)
INSERT [dbo].[Localidades] ([codLocalidad], [nombre], [codProvincia]) VALUES (1650, N'Pichi Mahuida', 17)
INSERT [dbo].[Localidades] ([codLocalidad], [nombre], [codProvincia]) VALUES (1651, N'Pilcaniyeu', 17)
INSERT [dbo].[Localidades] ([codLocalidad], [nombre], [codProvincia]) VALUES (1652, N'Pomona', 17)
INSERT [dbo].[Localidades] ([codLocalidad], [nombre], [codProvincia]) VALUES (1653, N'Prahuaniyeu', 17)
INSERT [dbo].[Localidades] ([codLocalidad], [nombre], [codProvincia]) VALUES (1654, N'Rincón Treneta', 17)
INSERT [dbo].[Localidades] ([codLocalidad], [nombre], [codProvincia]) VALUES (1655, N'Río Chico', 17)
INSERT [dbo].[Localidades] ([codLocalidad], [nombre], [codProvincia]) VALUES (1656, N'Río Colorado', 17)
INSERT [dbo].[Localidades] ([codLocalidad], [nombre], [codProvincia]) VALUES (1657, N'Roca', 17)
INSERT [dbo].[Localidades] ([codLocalidad], [nombre], [codProvincia]) VALUES (1658, N'San Antonio Oeste', 17)
INSERT [dbo].[Localidades] ([codLocalidad], [nombre], [codProvincia]) VALUES (1659, N'San Javier', 17)
INSERT [dbo].[Localidades] ([codLocalidad], [nombre], [codProvincia]) VALUES (1660, N'Sierra Colorada', 17)
INSERT [dbo].[Localidades] ([codLocalidad], [nombre], [codProvincia]) VALUES (1661, N'Sierra Grande', 17)
INSERT [dbo].[Localidades] ([codLocalidad], [nombre], [codProvincia]) VALUES (1662, N'Sierra Pailemán', 17)
INSERT [dbo].[Localidades] ([codLocalidad], [nombre], [codProvincia]) VALUES (1663, N'Valcheta', 17)
INSERT [dbo].[Localidades] ([codLocalidad], [nombre], [codProvincia]) VALUES (1664, N'Valle Azul', 17)
INSERT [dbo].[Localidades] ([codLocalidad], [nombre], [codProvincia]) VALUES (1665, N'Viedma', 17)
INSERT [dbo].[Localidades] ([codLocalidad], [nombre], [codProvincia]) VALUES (1666, N'Villa Llanquín', 17)
INSERT [dbo].[Localidades] ([codLocalidad], [nombre], [codProvincia]) VALUES (1667, N'Villa Mascardi', 17)
INSERT [dbo].[Localidades] ([codLocalidad], [nombre], [codProvincia]) VALUES (1668, N'Villa Regina', 17)
INSERT [dbo].[Localidades] ([codLocalidad], [nombre], [codProvincia]) VALUES (1669, N'Yaminué', 17)
INSERT [dbo].[Localidades] ([codLocalidad], [nombre], [codProvincia]) VALUES (1670, N'A. Saravia', 18)
INSERT [dbo].[Localidades] ([codLocalidad], [nombre], [codProvincia]) VALUES (1671, N'Aguaray', 18)
INSERT [dbo].[Localidades] ([codLocalidad], [nombre], [codProvincia]) VALUES (1672, N'Angastaco', 18)
INSERT [dbo].[Localidades] ([codLocalidad], [nombre], [codProvincia]) VALUES (1673, N'Animaná', 18)
INSERT [dbo].[Localidades] ([codLocalidad], [nombre], [codProvincia]) VALUES (1674, N'Cachi', 18)
INSERT [dbo].[Localidades] ([codLocalidad], [nombre], [codProvincia]) VALUES (1675, N'Cafayate', 18)
INSERT [dbo].[Localidades] ([codLocalidad], [nombre], [codProvincia]) VALUES (1676, N'Campo Quijano', 18)
INSERT [dbo].[Localidades] ([codLocalidad], [nombre], [codProvincia]) VALUES (1677, N'Campo Santo', 18)
INSERT [dbo].[Localidades] ([codLocalidad], [nombre], [codProvincia]) VALUES (1678, N'Capital', 18)
INSERT [dbo].[Localidades] ([codLocalidad], [nombre], [codProvincia]) VALUES (1679, N'Cerrillos', 18)
INSERT [dbo].[Localidades] ([codLocalidad], [nombre], [codProvincia]) VALUES (1680, N'Chicoana', 18)
INSERT [dbo].[Localidades] ([codLocalidad], [nombre], [codProvincia]) VALUES (1681, N'Col. Sta. Rosa', 18)
INSERT [dbo].[Localidades] ([codLocalidad], [nombre], [codProvincia]) VALUES (1682, N'Coronel Moldes', 18)
INSERT [dbo].[Localidades] ([codLocalidad], [nombre], [codProvincia]) VALUES (1683, N'El Bordo', 18)
INSERT [dbo].[Localidades] ([codLocalidad], [nombre], [codProvincia]) VALUES (1684, N'El Carril', 18)
INSERT [dbo].[Localidades] ([codLocalidad], [nombre], [codProvincia]) VALUES (1685, N'El Galpón', 18)
INSERT [dbo].[Localidades] ([codLocalidad], [nombre], [codProvincia]) VALUES (1686, N'El Jardín', 18)
INSERT [dbo].[Localidades] ([codLocalidad], [nombre], [codProvincia]) VALUES (1687, N'El Potrero', 18)
INSERT [dbo].[Localidades] ([codLocalidad], [nombre], [codProvincia]) VALUES (1688, N'El Quebrachal', 18)
INSERT [dbo].[Localidades] ([codLocalidad], [nombre], [codProvincia]) VALUES (1689, N'El Tala', 18)
INSERT [dbo].[Localidades] ([codLocalidad], [nombre], [codProvincia]) VALUES (1690, N'Embarcación', 18)
INSERT [dbo].[Localidades] ([codLocalidad], [nombre], [codProvincia]) VALUES (1691, N'Gral. Ballivian', 18)
INSERT [dbo].[Localidades] ([codLocalidad], [nombre], [codProvincia]) VALUES (1692, N'Gral. Güemes', 18)
INSERT [dbo].[Localidades] ([codLocalidad], [nombre], [codProvincia]) VALUES (1693, N'Gral. Mosconi', 18)
INSERT [dbo].[Localidades] ([codLocalidad], [nombre], [codProvincia]) VALUES (1694, N'Gral. Pizarro', 18)
INSERT [dbo].[Localidades] ([codLocalidad], [nombre], [codProvincia]) VALUES (1695, N'Guachipas', 18)
INSERT [dbo].[Localidades] ([codLocalidad], [nombre], [codProvincia]) VALUES (1696, N'Hipólito Yrigoyen', 18)
INSERT [dbo].[Localidades] ([codLocalidad], [nombre], [codProvincia]) VALUES (1697, N'Iruyá', 18)
INSERT [dbo].[Localidades] ([codLocalidad], [nombre], [codProvincia]) VALUES (1698, N'Isla De Cañas', 18)
INSERT [dbo].[Localidades] ([codLocalidad], [nombre], [codProvincia]) VALUES (1699, N'J. V. Gonzalez', 18)
INSERT [dbo].[Localidades] ([codLocalidad], [nombre], [codProvincia]) VALUES (1700, N'La Caldera', 18)
INSERT [dbo].[Localidades] ([codLocalidad], [nombre], [codProvincia]) VALUES (1701, N'La Candelaria', 18)
INSERT [dbo].[Localidades] ([codLocalidad], [nombre], [codProvincia]) VALUES (1702, N'La Merced', 18)
INSERT [dbo].[Localidades] ([codLocalidad], [nombre], [codProvincia]) VALUES (1703, N'La Poma', 18)
INSERT [dbo].[Localidades] ([codLocalidad], [nombre], [codProvincia]) VALUES (1704, N'La Viña', 18)
INSERT [dbo].[Localidades] ([codLocalidad], [nombre], [codProvincia]) VALUES (1705, N'Las Lajitas', 18)
INSERT [dbo].[Localidades] ([codLocalidad], [nombre], [codProvincia]) VALUES (1706, N'Los Toldos', 18)
INSERT [dbo].[Localidades] ([codLocalidad], [nombre], [codProvincia]) VALUES (1707, N'Metán', 18)
INSERT [dbo].[Localidades] ([codLocalidad], [nombre], [codProvincia]) VALUES (1708, N'Molinos', 18)
INSERT [dbo].[Localidades] ([codLocalidad], [nombre], [codProvincia]) VALUES (1709, N'Nazareno', 18)
INSERT [dbo].[Localidades] ([codLocalidad], [nombre], [codProvincia]) VALUES (1710, N'Orán', 18)
INSERT [dbo].[Localidades] ([codLocalidad], [nombre], [codProvincia]) VALUES (1711, N'Payogasta', 18)
INSERT [dbo].[Localidades] ([codLocalidad], [nombre], [codProvincia]) VALUES (1712, N'Pichanal', 18)
INSERT [dbo].[Localidades] ([codLocalidad], [nombre], [codProvincia]) VALUES (1713, N'Prof. S. Mazza', 18)
INSERT [dbo].[Localidades] ([codLocalidad], [nombre], [codProvincia]) VALUES (1714, N'Río Piedras', 18)
INSERT [dbo].[Localidades] ([codLocalidad], [nombre], [codProvincia]) VALUES (1715, N'Rivadavia Banda Norte', 18)
INSERT [dbo].[Localidades] ([codLocalidad], [nombre], [codProvincia]) VALUES (1716, N'Rivadavia Banda Sur', 18)
INSERT [dbo].[Localidades] ([codLocalidad], [nombre], [codProvincia]) VALUES (1717, N'Rosario de La Frontera', 18)
GO
print 'Processed 1700 total records'
INSERT [dbo].[Localidades] ([codLocalidad], [nombre], [codProvincia]) VALUES (1718, N'Rosario de Lerma', 18)
INSERT [dbo].[Localidades] ([codLocalidad], [nombre], [codProvincia]) VALUES (1719, N'Saclantás', 18)
INSERT [dbo].[Localidades] ([codLocalidad], [nombre], [codProvincia]) VALUES (1720, N'18', 18)
INSERT [dbo].[Localidades] ([codLocalidad], [nombre], [codProvincia]) VALUES (1721, N'San Antonio', 18)
INSERT [dbo].[Localidades] ([codLocalidad], [nombre], [codProvincia]) VALUES (1722, N'San Carlos', 18)
INSERT [dbo].[Localidades] ([codLocalidad], [nombre], [codProvincia]) VALUES (1723, N'San José De Metán', 18)
INSERT [dbo].[Localidades] ([codLocalidad], [nombre], [codProvincia]) VALUES (1724, N'San Ramón', 18)
INSERT [dbo].[Localidades] ([codLocalidad], [nombre], [codProvincia]) VALUES (1725, N'Santa Victoria E.', 18)
INSERT [dbo].[Localidades] ([codLocalidad], [nombre], [codProvincia]) VALUES (1726, N'Santa Victoria O.', 18)
INSERT [dbo].[Localidades] ([codLocalidad], [nombre], [codProvincia]) VALUES (1727, N'Tartagal', 18)
INSERT [dbo].[Localidades] ([codLocalidad], [nombre], [codProvincia]) VALUES (1728, N'Tolar Grande', 18)
INSERT [dbo].[Localidades] ([codLocalidad], [nombre], [codProvincia]) VALUES (1729, N'Urundel', 18)
INSERT [dbo].[Localidades] ([codLocalidad], [nombre], [codProvincia]) VALUES (1730, N'Vaqueros', 18)
INSERT [dbo].[Localidades] ([codLocalidad], [nombre], [codProvincia]) VALUES (1731, N'Villa San Lorenzo', 18)
INSERT [dbo].[Localidades] ([codLocalidad], [nombre], [codProvincia]) VALUES (1732, N'Albardón', 19)
INSERT [dbo].[Localidades] ([codLocalidad], [nombre], [codProvincia]) VALUES (1733, N'Angaco', 19)
INSERT [dbo].[Localidades] ([codLocalidad], [nombre], [codProvincia]) VALUES (1734, N'Calingasta', 19)
INSERT [dbo].[Localidades] ([codLocalidad], [nombre], [codProvincia]) VALUES (1735, N'Capital', 19)
INSERT [dbo].[Localidades] ([codLocalidad], [nombre], [codProvincia]) VALUES (1736, N'Caucete', 19)
INSERT [dbo].[Localidades] ([codLocalidad], [nombre], [codProvincia]) VALUES (1737, N'Chimbas', 19)
INSERT [dbo].[Localidades] ([codLocalidad], [nombre], [codProvincia]) VALUES (1738, N'Iglesia', 19)
INSERT [dbo].[Localidades] ([codLocalidad], [nombre], [codProvincia]) VALUES (1739, N'Jachal', 19)
INSERT [dbo].[Localidades] ([codLocalidad], [nombre], [codProvincia]) VALUES (1740, N'Nueve de Julio', 19)
INSERT [dbo].[Localidades] ([codLocalidad], [nombre], [codProvincia]) VALUES (1741, N'Pocito', 19)
INSERT [dbo].[Localidades] ([codLocalidad], [nombre], [codProvincia]) VALUES (1742, N'Rawson', 19)
INSERT [dbo].[Localidades] ([codLocalidad], [nombre], [codProvincia]) VALUES (1743, N'Rivadavia', 19)
INSERT [dbo].[Localidades] ([codLocalidad], [nombre], [codProvincia]) VALUES (1744, N'19', 19)
INSERT [dbo].[Localidades] ([codLocalidad], [nombre], [codProvincia]) VALUES (1745, N'San Martín', 19)
INSERT [dbo].[Localidades] ([codLocalidad], [nombre], [codProvincia]) VALUES (1746, N'Santa Lucía', 19)
INSERT [dbo].[Localidades] ([codLocalidad], [nombre], [codProvincia]) VALUES (1747, N'Sarmiento', 19)
INSERT [dbo].[Localidades] ([codLocalidad], [nombre], [codProvincia]) VALUES (1748, N'Ullum', 19)
INSERT [dbo].[Localidades] ([codLocalidad], [nombre], [codProvincia]) VALUES (1749, N'Valle Fértil', 19)
INSERT [dbo].[Localidades] ([codLocalidad], [nombre], [codProvincia]) VALUES (1750, N'Veinticinco de Mayo', 19)
INSERT [dbo].[Localidades] ([codLocalidad], [nombre], [codProvincia]) VALUES (1751, N'Zonda', 19)
INSERT [dbo].[Localidades] ([codLocalidad], [nombre], [codProvincia]) VALUES (1752, N'Alto Pelado', 20)
INSERT [dbo].[Localidades] ([codLocalidad], [nombre], [codProvincia]) VALUES (1753, N'Alto Pencoso', 20)
INSERT [dbo].[Localidades] ([codLocalidad], [nombre], [codProvincia]) VALUES (1754, N'Anchorena', 20)
INSERT [dbo].[Localidades] ([codLocalidad], [nombre], [codProvincia]) VALUES (1755, N'Arizona', 20)
INSERT [dbo].[Localidades] ([codLocalidad], [nombre], [codProvincia]) VALUES (1756, N'Bagual', 20)
INSERT [dbo].[Localidades] ([codLocalidad], [nombre], [codProvincia]) VALUES (1757, N'Balde', 20)
INSERT [dbo].[Localidades] ([codLocalidad], [nombre], [codProvincia]) VALUES (1758, N'Batavia', 20)
INSERT [dbo].[Localidades] ([codLocalidad], [nombre], [codProvincia]) VALUES (1759, N'Beazley', 20)
INSERT [dbo].[Localidades] ([codLocalidad], [nombre], [codProvincia]) VALUES (1760, N'Buena Esperanza', 20)
INSERT [dbo].[Localidades] ([codLocalidad], [nombre], [codProvincia]) VALUES (1761, N'Candelaria', 20)
INSERT [dbo].[Localidades] ([codLocalidad], [nombre], [codProvincia]) VALUES (1762, N'Capital', 20)
INSERT [dbo].[Localidades] ([codLocalidad], [nombre], [codProvincia]) VALUES (1763, N'Carolina', 20)
INSERT [dbo].[Localidades] ([codLocalidad], [nombre], [codProvincia]) VALUES (1764, N'Carpintería', 20)
INSERT [dbo].[Localidades] ([codLocalidad], [nombre], [codProvincia]) VALUES (1765, N'Concarán', 20)
INSERT [dbo].[Localidades] ([codLocalidad], [nombre], [codProvincia]) VALUES (1766, N'Cortaderas', 20)
INSERT [dbo].[Localidades] ([codLocalidad], [nombre], [codProvincia]) VALUES (1767, N'El Morro', 20)
INSERT [dbo].[Localidades] ([codLocalidad], [nombre], [codProvincia]) VALUES (1768, N'El Trapiche', 20)
INSERT [dbo].[Localidades] ([codLocalidad], [nombre], [codProvincia]) VALUES (1769, N'El Volcán', 20)
INSERT [dbo].[Localidades] ([codLocalidad], [nombre], [codProvincia]) VALUES (1770, N'Fortín El Patria', 20)
INSERT [dbo].[Localidades] ([codLocalidad], [nombre], [codProvincia]) VALUES (1771, N'Fortuna', 20)
INSERT [dbo].[Localidades] ([codLocalidad], [nombre], [codProvincia]) VALUES (1772, N'Fraga', 20)
INSERT [dbo].[Localidades] ([codLocalidad], [nombre], [codProvincia]) VALUES (1773, N'Juan Jorba', 20)
INSERT [dbo].[Localidades] ([codLocalidad], [nombre], [codProvincia]) VALUES (1774, N'Juan Llerena', 20)
INSERT [dbo].[Localidades] ([codLocalidad], [nombre], [codProvincia]) VALUES (1775, N'Juana Koslay', 20)
INSERT [dbo].[Localidades] ([codLocalidad], [nombre], [codProvincia]) VALUES (1776, N'Justo Daract', 20)
INSERT [dbo].[Localidades] ([codLocalidad], [nombre], [codProvincia]) VALUES (1777, N'La Calera', 20)
INSERT [dbo].[Localidades] ([codLocalidad], [nombre], [codProvincia]) VALUES (1778, N'La Florida', 20)
INSERT [dbo].[Localidades] ([codLocalidad], [nombre], [codProvincia]) VALUES (1779, N'La Punilla', 20)
INSERT [dbo].[Localidades] ([codLocalidad], [nombre], [codProvincia]) VALUES (1780, N'La Toma', 20)
INSERT [dbo].[Localidades] ([codLocalidad], [nombre], [codProvincia]) VALUES (1781, N'Lafinur', 20)
INSERT [dbo].[Localidades] ([codLocalidad], [nombre], [codProvincia]) VALUES (1782, N'Las Aguadas', 20)
INSERT [dbo].[Localidades] ([codLocalidad], [nombre], [codProvincia]) VALUES (1783, N'Las Chacras', 20)
INSERT [dbo].[Localidades] ([codLocalidad], [nombre], [codProvincia]) VALUES (1784, N'Las Lagunas', 20)
INSERT [dbo].[Localidades] ([codLocalidad], [nombre], [codProvincia]) VALUES (1785, N'Las Vertientes', 20)
INSERT [dbo].[Localidades] ([codLocalidad], [nombre], [codProvincia]) VALUES (1786, N'Lavaisse', 20)
INSERT [dbo].[Localidades] ([codLocalidad], [nombre], [codProvincia]) VALUES (1787, N'Leandro N. Alem', 20)
INSERT [dbo].[Localidades] ([codLocalidad], [nombre], [codProvincia]) VALUES (1788, N'Los Molles', 20)
INSERT [dbo].[Localidades] ([codLocalidad], [nombre], [codProvincia]) VALUES (1789, N'Luján', 20)
INSERT [dbo].[Localidades] ([codLocalidad], [nombre], [codProvincia]) VALUES (1790, N'Mercedes', 20)
INSERT [dbo].[Localidades] ([codLocalidad], [nombre], [codProvincia]) VALUES (1791, N'Merlo', 20)
INSERT [dbo].[Localidades] ([codLocalidad], [nombre], [codProvincia]) VALUES (1792, N'Naschel', 20)
INSERT [dbo].[Localidades] ([codLocalidad], [nombre], [codProvincia]) VALUES (1793, N'Navia', 20)
INSERT [dbo].[Localidades] ([codLocalidad], [nombre], [codProvincia]) VALUES (1794, N'Nogolí', 20)
INSERT [dbo].[Localidades] ([codLocalidad], [nombre], [codProvincia]) VALUES (1795, N'Nueva Galia', 20)
INSERT [dbo].[Localidades] ([codLocalidad], [nombre], [codProvincia]) VALUES (1796, N'Papagayos', 20)
INSERT [dbo].[Localidades] ([codLocalidad], [nombre], [codProvincia]) VALUES (1797, N'Paso Grande', 20)
INSERT [dbo].[Localidades] ([codLocalidad], [nombre], [codProvincia]) VALUES (1798, N'Potrero de Los Funes', 20)
INSERT [dbo].[Localidades] ([codLocalidad], [nombre], [codProvincia]) VALUES (1799, N'Quines', 20)
INSERT [dbo].[Localidades] ([codLocalidad], [nombre], [codProvincia]) VALUES (1800, N'Renca', 20)
INSERT [dbo].[Localidades] ([codLocalidad], [nombre], [codProvincia]) VALUES (1801, N'Saladillo', 20)
INSERT [dbo].[Localidades] ([codLocalidad], [nombre], [codProvincia]) VALUES (1802, N'San Francisco', 20)
INSERT [dbo].[Localidades] ([codLocalidad], [nombre], [codProvincia]) VALUES (1803, N'San Gerónimo', 20)
INSERT [dbo].[Localidades] ([codLocalidad], [nombre], [codProvincia]) VALUES (1804, N'San Martín', 20)
INSERT [dbo].[Localidades] ([codLocalidad], [nombre], [codProvincia]) VALUES (1805, N'San Pablo', 20)
INSERT [dbo].[Localidades] ([codLocalidad], [nombre], [codProvincia]) VALUES (1806, N'Santa Rosa de Conlara', 20)
INSERT [dbo].[Localidades] ([codLocalidad], [nombre], [codProvincia]) VALUES (1807, N'Talita', 20)
INSERT [dbo].[Localidades] ([codLocalidad], [nombre], [codProvincia]) VALUES (1808, N'Tilisarao', 20)
INSERT [dbo].[Localidades] ([codLocalidad], [nombre], [codProvincia]) VALUES (1809, N'Unión', 20)
INSERT [dbo].[Localidades] ([codLocalidad], [nombre], [codProvincia]) VALUES (1810, N'Villa de La Quebrada', 20)
INSERT [dbo].[Localidades] ([codLocalidad], [nombre], [codProvincia]) VALUES (1811, N'Villa de Praga', 20)
INSERT [dbo].[Localidades] ([codLocalidad], [nombre], [codProvincia]) VALUES (1812, N'Villa del Carmen', 20)
INSERT [dbo].[Localidades] ([codLocalidad], [nombre], [codProvincia]) VALUES (1813, N'Villa Gral. Roca', 20)
INSERT [dbo].[Localidades] ([codLocalidad], [nombre], [codProvincia]) VALUES (1814, N'Villa Larca', 20)
INSERT [dbo].[Localidades] ([codLocalidad], [nombre], [codProvincia]) VALUES (1815, N'Villa Mercedes', 20)
INSERT [dbo].[Localidades] ([codLocalidad], [nombre], [codProvincia]) VALUES (1816, N'Zanjitas', 20)
INSERT [dbo].[Localidades] ([codLocalidad], [nombre], [codProvincia]) VALUES (1817, N'Calafate', 21)
INSERT [dbo].[Localidades] ([codLocalidad], [nombre], [codProvincia]) VALUES (1818, N'Caleta Olivia', 21)
GO
print 'Processed 1800 total records'
INSERT [dbo].[Localidades] ([codLocalidad], [nombre], [codProvincia]) VALUES (1819, N'Cañadón Seco', 21)
INSERT [dbo].[Localidades] ([codLocalidad], [nombre], [codProvincia]) VALUES (1820, N'Comandante Piedrabuena', 21)
INSERT [dbo].[Localidades] ([codLocalidad], [nombre], [codProvincia]) VALUES (1821, N'El Calafate', 21)
INSERT [dbo].[Localidades] ([codLocalidad], [nombre], [codProvincia]) VALUES (1822, N'El Chaltén', 21)
INSERT [dbo].[Localidades] ([codLocalidad], [nombre], [codProvincia]) VALUES (1823, N'Gdor. Gregores', 21)
INSERT [dbo].[Localidades] ([codLocalidad], [nombre], [codProvincia]) VALUES (1824, N'Hipólito Yrigoyen', 21)
INSERT [dbo].[Localidades] ([codLocalidad], [nombre], [codProvincia]) VALUES (1825, N'Jaramillo', 21)
INSERT [dbo].[Localidades] ([codLocalidad], [nombre], [codProvincia]) VALUES (1826, N'Koluel Kaike', 21)
INSERT [dbo].[Localidades] ([codLocalidad], [nombre], [codProvincia]) VALUES (1827, N'Las Heras', 21)
INSERT [dbo].[Localidades] ([codLocalidad], [nombre], [codProvincia]) VALUES (1828, N'Los Antiguos', 21)
INSERT [dbo].[Localidades] ([codLocalidad], [nombre], [codProvincia]) VALUES (1829, N'Perito Moreno', 21)
INSERT [dbo].[Localidades] ([codLocalidad], [nombre], [codProvincia]) VALUES (1830, N'Pico Truncado', 21)
INSERT [dbo].[Localidades] ([codLocalidad], [nombre], [codProvincia]) VALUES (1831, N'Pto. Deseado', 21)
INSERT [dbo].[Localidades] ([codLocalidad], [nombre], [codProvincia]) VALUES (1832, N'Pto. San Julián', 21)
INSERT [dbo].[Localidades] ([codLocalidad], [nombre], [codProvincia]) VALUES (1833, N'Pto. 21', 21)
INSERT [dbo].[Localidades] ([codLocalidad], [nombre], [codProvincia]) VALUES (1834, N'Río Cuarto', 21)
INSERT [dbo].[Localidades] ([codLocalidad], [nombre], [codProvincia]) VALUES (1835, N'Río Gallegos', 21)
INSERT [dbo].[Localidades] ([codLocalidad], [nombre], [codProvincia]) VALUES (1836, N'Río Turbio', 21)
INSERT [dbo].[Localidades] ([codLocalidad], [nombre], [codProvincia]) VALUES (1837, N'Tres Lagos', 21)
INSERT [dbo].[Localidades] ([codLocalidad], [nombre], [codProvincia]) VALUES (1838, N'Veintiocho De Noviembre', 21)
INSERT [dbo].[Localidades] ([codLocalidad], [nombre], [codProvincia]) VALUES (1839, N'Aarón Castellanos', 22)
INSERT [dbo].[Localidades] ([codLocalidad], [nombre], [codProvincia]) VALUES (1840, N'Acebal', 22)
INSERT [dbo].[Localidades] ([codLocalidad], [nombre], [codProvincia]) VALUES (1841, N'Aguará Grande', 22)
INSERT [dbo].[Localidades] ([codLocalidad], [nombre], [codProvincia]) VALUES (1842, N'Albarellos', 22)
INSERT [dbo].[Localidades] ([codLocalidad], [nombre], [codProvincia]) VALUES (1843, N'Alcorta', 22)
INSERT [dbo].[Localidades] ([codLocalidad], [nombre], [codProvincia]) VALUES (1844, N'Aldao', 22)
INSERT [dbo].[Localidades] ([codLocalidad], [nombre], [codProvincia]) VALUES (1845, N'Alejandra', 22)
INSERT [dbo].[Localidades] ([codLocalidad], [nombre], [codProvincia]) VALUES (1846, N'Álvarez', 22)
INSERT [dbo].[Localidades] ([codLocalidad], [nombre], [codProvincia]) VALUES (1847, N'Ambrosetti', 22)
INSERT [dbo].[Localidades] ([codLocalidad], [nombre], [codProvincia]) VALUES (1848, N'Amenábar', 22)
INSERT [dbo].[Localidades] ([codLocalidad], [nombre], [codProvincia]) VALUES (1849, N'Angélica', 22)
INSERT [dbo].[Localidades] ([codLocalidad], [nombre], [codProvincia]) VALUES (1850, N'Angeloni', 22)
INSERT [dbo].[Localidades] ([codLocalidad], [nombre], [codProvincia]) VALUES (1851, N'Arequito', 22)
INSERT [dbo].[Localidades] ([codLocalidad], [nombre], [codProvincia]) VALUES (1852, N'Arminda', 22)
INSERT [dbo].[Localidades] ([codLocalidad], [nombre], [codProvincia]) VALUES (1853, N'Armstrong', 22)
INSERT [dbo].[Localidades] ([codLocalidad], [nombre], [codProvincia]) VALUES (1854, N'Arocena', 22)
INSERT [dbo].[Localidades] ([codLocalidad], [nombre], [codProvincia]) VALUES (1855, N'Arroyo Aguiar', 22)
INSERT [dbo].[Localidades] ([codLocalidad], [nombre], [codProvincia]) VALUES (1856, N'Arroyo Ceibal', 22)
INSERT [dbo].[Localidades] ([codLocalidad], [nombre], [codProvincia]) VALUES (1857, N'Arroyo Leyes', 22)
INSERT [dbo].[Localidades] ([codLocalidad], [nombre], [codProvincia]) VALUES (1858, N'Arroyo Seco', 22)
INSERT [dbo].[Localidades] ([codLocalidad], [nombre], [codProvincia]) VALUES (1859, N'Arrufó', 22)
INSERT [dbo].[Localidades] ([codLocalidad], [nombre], [codProvincia]) VALUES (1860, N'Arteaga', 22)
INSERT [dbo].[Localidades] ([codLocalidad], [nombre], [codProvincia]) VALUES (1861, N'Ataliva', 22)
INSERT [dbo].[Localidades] ([codLocalidad], [nombre], [codProvincia]) VALUES (1862, N'Aurelia', 22)
INSERT [dbo].[Localidades] ([codLocalidad], [nombre], [codProvincia]) VALUES (1863, N'Avellaneda', 22)
INSERT [dbo].[Localidades] ([codLocalidad], [nombre], [codProvincia]) VALUES (1864, N'Barrancas', 22)
INSERT [dbo].[Localidades] ([codLocalidad], [nombre], [codProvincia]) VALUES (1865, N'Bauer Y Sigel', 22)
INSERT [dbo].[Localidades] ([codLocalidad], [nombre], [codProvincia]) VALUES (1866, N'Bella Italia', 22)
INSERT [dbo].[Localidades] ([codLocalidad], [nombre], [codProvincia]) VALUES (1867, N'Berabevú', 22)
INSERT [dbo].[Localidades] ([codLocalidad], [nombre], [codProvincia]) VALUES (1868, N'Berna', 22)
INSERT [dbo].[Localidades] ([codLocalidad], [nombre], [codProvincia]) VALUES (1869, N'Bernardo de Irigoyen', 22)
INSERT [dbo].[Localidades] ([codLocalidad], [nombre], [codProvincia]) VALUES (1870, N'Bigand', 22)
INSERT [dbo].[Localidades] ([codLocalidad], [nombre], [codProvincia]) VALUES (1871, N'Bombal', 22)
INSERT [dbo].[Localidades] ([codLocalidad], [nombre], [codProvincia]) VALUES (1872, N'Bouquet', 22)
INSERT [dbo].[Localidades] ([codLocalidad], [nombre], [codProvincia]) VALUES (1873, N'Bustinza', 22)
INSERT [dbo].[Localidades] ([codLocalidad], [nombre], [codProvincia]) VALUES (1874, N'Cabal', 22)
INSERT [dbo].[Localidades] ([codLocalidad], [nombre], [codProvincia]) VALUES (1875, N'Cacique Ariacaiquin', 22)
INSERT [dbo].[Localidades] ([codLocalidad], [nombre], [codProvincia]) VALUES (1876, N'Cafferata', 22)
INSERT [dbo].[Localidades] ([codLocalidad], [nombre], [codProvincia]) VALUES (1877, N'Calchaquí', 22)
INSERT [dbo].[Localidades] ([codLocalidad], [nombre], [codProvincia]) VALUES (1878, N'Campo Andino', 22)
INSERT [dbo].[Localidades] ([codLocalidad], [nombre], [codProvincia]) VALUES (1879, N'Campo Piaggio', 22)
INSERT [dbo].[Localidades] ([codLocalidad], [nombre], [codProvincia]) VALUES (1880, N'Cañada de Gómez', 22)
INSERT [dbo].[Localidades] ([codLocalidad], [nombre], [codProvincia]) VALUES (1881, N'Cañada del Ucle', 22)
INSERT [dbo].[Localidades] ([codLocalidad], [nombre], [codProvincia]) VALUES (1882, N'Cañada Rica', 22)
INSERT [dbo].[Localidades] ([codLocalidad], [nombre], [codProvincia]) VALUES (1883, N'Cañada Rosquín', 22)
INSERT [dbo].[Localidades] ([codLocalidad], [nombre], [codProvincia]) VALUES (1884, N'Candioti', 22)
INSERT [dbo].[Localidades] ([codLocalidad], [nombre], [codProvincia]) VALUES (1885, N'Capital', 22)
INSERT [dbo].[Localidades] ([codLocalidad], [nombre], [codProvincia]) VALUES (1886, N'Capitán Bermúdez', 22)
INSERT [dbo].[Localidades] ([codLocalidad], [nombre], [codProvincia]) VALUES (1887, N'Capivara', 22)
INSERT [dbo].[Localidades] ([codLocalidad], [nombre], [codProvincia]) VALUES (1888, N'Carcarañá', 22)
INSERT [dbo].[Localidades] ([codLocalidad], [nombre], [codProvincia]) VALUES (1889, N'Carlos Pellegrini', 22)
INSERT [dbo].[Localidades] ([codLocalidad], [nombre], [codProvincia]) VALUES (1890, N'Carmen', 22)
INSERT [dbo].[Localidades] ([codLocalidad], [nombre], [codProvincia]) VALUES (1891, N'Carmen Del Sauce', 22)
INSERT [dbo].[Localidades] ([codLocalidad], [nombre], [codProvincia]) VALUES (1892, N'Carreras', 22)
INSERT [dbo].[Localidades] ([codLocalidad], [nombre], [codProvincia]) VALUES (1893, N'Carrizales', 22)
INSERT [dbo].[Localidades] ([codLocalidad], [nombre], [codProvincia]) VALUES (1894, N'Casalegno', 22)
INSERT [dbo].[Localidades] ([codLocalidad], [nombre], [codProvincia]) VALUES (1895, N'Casas', 22)
INSERT [dbo].[Localidades] ([codLocalidad], [nombre], [codProvincia]) VALUES (1896, N'Casilda', 22)
INSERT [dbo].[Localidades] ([codLocalidad], [nombre], [codProvincia]) VALUES (1897, N'Castelar', 22)
INSERT [dbo].[Localidades] ([codLocalidad], [nombre], [codProvincia]) VALUES (1898, N'Castellanos', 22)
INSERT [dbo].[Localidades] ([codLocalidad], [nombre], [codProvincia]) VALUES (1899, N'Cayastá', 22)
INSERT [dbo].[Localidades] ([codLocalidad], [nombre], [codProvincia]) VALUES (1900, N'Cayastacito', 22)
INSERT [dbo].[Localidades] ([codLocalidad], [nombre], [codProvincia]) VALUES (1901, N'Centeno', 22)
INSERT [dbo].[Localidades] ([codLocalidad], [nombre], [codProvincia]) VALUES (1902, N'Cepeda', 22)
INSERT [dbo].[Localidades] ([codLocalidad], [nombre], [codProvincia]) VALUES (1903, N'Ceres', 22)
INSERT [dbo].[Localidades] ([codLocalidad], [nombre], [codProvincia]) VALUES (1904, N'Chabás', 22)
INSERT [dbo].[Localidades] ([codLocalidad], [nombre], [codProvincia]) VALUES (1905, N'Chañar Ladeado', 22)
INSERT [dbo].[Localidades] ([codLocalidad], [nombre], [codProvincia]) VALUES (1906, N'Chapuy', 22)
INSERT [dbo].[Localidades] ([codLocalidad], [nombre], [codProvincia]) VALUES (1907, N'Chovet', 22)
INSERT [dbo].[Localidades] ([codLocalidad], [nombre], [codProvincia]) VALUES (1908, N'Christophersen', 22)
INSERT [dbo].[Localidades] ([codLocalidad], [nombre], [codProvincia]) VALUES (1909, N'Classon', 22)
INSERT [dbo].[Localidades] ([codLocalidad], [nombre], [codProvincia]) VALUES (1910, N'Cnel. Arnold', 22)
INSERT [dbo].[Localidades] ([codLocalidad], [nombre], [codProvincia]) VALUES (1911, N'Cnel. Bogado', 22)
INSERT [dbo].[Localidades] ([codLocalidad], [nombre], [codProvincia]) VALUES (1912, N'Cnel. Dominguez', 22)
INSERT [dbo].[Localidades] ([codLocalidad], [nombre], [codProvincia]) VALUES (1913, N'Cnel. Fraga', 22)
INSERT [dbo].[Localidades] ([codLocalidad], [nombre], [codProvincia]) VALUES (1914, N'Col. Aldao', 22)
INSERT [dbo].[Localidades] ([codLocalidad], [nombre], [codProvincia]) VALUES (1915, N'Col. Ana', 22)
INSERT [dbo].[Localidades] ([codLocalidad], [nombre], [codProvincia]) VALUES (1916, N'Col. Belgrano', 22)
INSERT [dbo].[Localidades] ([codLocalidad], [nombre], [codProvincia]) VALUES (1917, N'Col. Bicha', 22)
INSERT [dbo].[Localidades] ([codLocalidad], [nombre], [codProvincia]) VALUES (1918, N'Col. Bigand', 22)
INSERT [dbo].[Localidades] ([codLocalidad], [nombre], [codProvincia]) VALUES (1919, N'Col. Bossi', 22)
GO
print 'Processed 1900 total records'
INSERT [dbo].[Localidades] ([codLocalidad], [nombre], [codProvincia]) VALUES (1920, N'Col. Cavour', 22)
INSERT [dbo].[Localidades] ([codLocalidad], [nombre], [codProvincia]) VALUES (1921, N'Col. Cello', 22)
INSERT [dbo].[Localidades] ([codLocalidad], [nombre], [codProvincia]) VALUES (1922, N'Col. Dolores', 22)
INSERT [dbo].[Localidades] ([codLocalidad], [nombre], [codProvincia]) VALUES (1923, N'Col. Dos Rosas', 22)
INSERT [dbo].[Localidades] ([codLocalidad], [nombre], [codProvincia]) VALUES (1924, N'Col. Durán', 22)
INSERT [dbo].[Localidades] ([codLocalidad], [nombre], [codProvincia]) VALUES (1925, N'Col. Iturraspe', 22)
INSERT [dbo].[Localidades] ([codLocalidad], [nombre], [codProvincia]) VALUES (1926, N'Col. Margarita', 22)
INSERT [dbo].[Localidades] ([codLocalidad], [nombre], [codProvincia]) VALUES (1927, N'Col. Mascias', 22)
INSERT [dbo].[Localidades] ([codLocalidad], [nombre], [codProvincia]) VALUES (1928, N'Col. Raquel', 22)
INSERT [dbo].[Localidades] ([codLocalidad], [nombre], [codProvincia]) VALUES (1929, N'Col. Rosa', 22)
INSERT [dbo].[Localidades] ([codLocalidad], [nombre], [codProvincia]) VALUES (1930, N'Col. San José', 22)
INSERT [dbo].[Localidades] ([codLocalidad], [nombre], [codProvincia]) VALUES (1931, N'Constanza', 22)
INSERT [dbo].[Localidades] ([codLocalidad], [nombre], [codProvincia]) VALUES (1932, N'Coronda', 22)
INSERT [dbo].[Localidades] ([codLocalidad], [nombre], [codProvincia]) VALUES (1933, N'Correa', 22)
INSERT [dbo].[Localidades] ([codLocalidad], [nombre], [codProvincia]) VALUES (1934, N'Crispi', 22)
INSERT [dbo].[Localidades] ([codLocalidad], [nombre], [codProvincia]) VALUES (1935, N'Cululú', 22)
INSERT [dbo].[Localidades] ([codLocalidad], [nombre], [codProvincia]) VALUES (1936, N'Curupayti', 22)
INSERT [dbo].[Localidades] ([codLocalidad], [nombre], [codProvincia]) VALUES (1937, N'Desvio Arijón', 22)
INSERT [dbo].[Localidades] ([codLocalidad], [nombre], [codProvincia]) VALUES (1938, N'Diaz', 22)
INSERT [dbo].[Localidades] ([codLocalidad], [nombre], [codProvincia]) VALUES (1939, N'Diego de Alvear', 22)
INSERT [dbo].[Localidades] ([codLocalidad], [nombre], [codProvincia]) VALUES (1940, N'Egusquiza', 22)
INSERT [dbo].[Localidades] ([codLocalidad], [nombre], [codProvincia]) VALUES (1941, N'El Arazá', 22)
INSERT [dbo].[Localidades] ([codLocalidad], [nombre], [codProvincia]) VALUES (1942, N'El Rabón', 22)
INSERT [dbo].[Localidades] ([codLocalidad], [nombre], [codProvincia]) VALUES (1943, N'El Sombrerito', 22)
INSERT [dbo].[Localidades] ([codLocalidad], [nombre], [codProvincia]) VALUES (1944, N'El Trébol', 22)
INSERT [dbo].[Localidades] ([codLocalidad], [nombre], [codProvincia]) VALUES (1945, N'Elisa', 22)
INSERT [dbo].[Localidades] ([codLocalidad], [nombre], [codProvincia]) VALUES (1946, N'Elortondo', 22)
INSERT [dbo].[Localidades] ([codLocalidad], [nombre], [codProvincia]) VALUES (1947, N'Emilia', 22)
INSERT [dbo].[Localidades] ([codLocalidad], [nombre], [codProvincia]) VALUES (1948, N'Empalme San Carlos', 22)
INSERT [dbo].[Localidades] ([codLocalidad], [nombre], [codProvincia]) VALUES (1949, N'Empalme Villa Constitucion', 22)
INSERT [dbo].[Localidades] ([codLocalidad], [nombre], [codProvincia]) VALUES (1950, N'Esmeralda', 22)
INSERT [dbo].[Localidades] ([codLocalidad], [nombre], [codProvincia]) VALUES (1951, N'Esperanza', 22)
INSERT [dbo].[Localidades] ([codLocalidad], [nombre], [codProvincia]) VALUES (1952, N'Estación Alvear', 22)
INSERT [dbo].[Localidades] ([codLocalidad], [nombre], [codProvincia]) VALUES (1953, N'Estacion Clucellas', 22)
INSERT [dbo].[Localidades] ([codLocalidad], [nombre], [codProvincia]) VALUES (1954, N'Esteban Rams', 22)
INSERT [dbo].[Localidades] ([codLocalidad], [nombre], [codProvincia]) VALUES (1955, N'Esther', 22)
INSERT [dbo].[Localidades] ([codLocalidad], [nombre], [codProvincia]) VALUES (1956, N'Esustolia', 22)
INSERT [dbo].[Localidades] ([codLocalidad], [nombre], [codProvincia]) VALUES (1957, N'Eusebia', 22)
INSERT [dbo].[Localidades] ([codLocalidad], [nombre], [codProvincia]) VALUES (1958, N'Felicia', 22)
INSERT [dbo].[Localidades] ([codLocalidad], [nombre], [codProvincia]) VALUES (1959, N'Fidela', 22)
INSERT [dbo].[Localidades] ([codLocalidad], [nombre], [codProvincia]) VALUES (1960, N'Fighiera', 22)
INSERT [dbo].[Localidades] ([codLocalidad], [nombre], [codProvincia]) VALUES (1961, N'Firmat', 22)
INSERT [dbo].[Localidades] ([codLocalidad], [nombre], [codProvincia]) VALUES (1962, N'Florencia', 22)
INSERT [dbo].[Localidades] ([codLocalidad], [nombre], [codProvincia]) VALUES (1963, N'Fortín Olmos', 22)
INSERT [dbo].[Localidades] ([codLocalidad], [nombre], [codProvincia]) VALUES (1964, N'Franck', 22)
INSERT [dbo].[Localidades] ([codLocalidad], [nombre], [codProvincia]) VALUES (1965, N'Fray Luis Beltrán', 22)
INSERT [dbo].[Localidades] ([codLocalidad], [nombre], [codProvincia]) VALUES (1966, N'Frontera', 22)
INSERT [dbo].[Localidades] ([codLocalidad], [nombre], [codProvincia]) VALUES (1967, N'Fuentes', 22)
INSERT [dbo].[Localidades] ([codLocalidad], [nombre], [codProvincia]) VALUES (1968, N'Funes', 22)
INSERT [dbo].[Localidades] ([codLocalidad], [nombre], [codProvincia]) VALUES (1969, N'Gaboto', 22)
INSERT [dbo].[Localidades] ([codLocalidad], [nombre], [codProvincia]) VALUES (1970, N'Galisteo', 22)
INSERT [dbo].[Localidades] ([codLocalidad], [nombre], [codProvincia]) VALUES (1971, N'Gálvez', 22)
INSERT [dbo].[Localidades] ([codLocalidad], [nombre], [codProvincia]) VALUES (1972, N'Garabalto', 22)
INSERT [dbo].[Localidades] ([codLocalidad], [nombre], [codProvincia]) VALUES (1973, N'Garibaldi', 22)
INSERT [dbo].[Localidades] ([codLocalidad], [nombre], [codProvincia]) VALUES (1974, N'Gato Colorado', 22)
INSERT [dbo].[Localidades] ([codLocalidad], [nombre], [codProvincia]) VALUES (1975, N'Gdor. Crespo', 22)
INSERT [dbo].[Localidades] ([codLocalidad], [nombre], [codProvincia]) VALUES (1976, N'Gessler', 22)
INSERT [dbo].[Localidades] ([codLocalidad], [nombre], [codProvincia]) VALUES (1977, N'Godoy', 22)
INSERT [dbo].[Localidades] ([codLocalidad], [nombre], [codProvincia]) VALUES (1978, N'Golondrina', 22)
INSERT [dbo].[Localidades] ([codLocalidad], [nombre], [codProvincia]) VALUES (1979, N'Gral. Gelly', 22)
INSERT [dbo].[Localidades] ([codLocalidad], [nombre], [codProvincia]) VALUES (1980, N'Gral. Lagos', 22)
INSERT [dbo].[Localidades] ([codLocalidad], [nombre], [codProvincia]) VALUES (1981, N'Granadero Baigorria', 22)
INSERT [dbo].[Localidades] ([codLocalidad], [nombre], [codProvincia]) VALUES (1982, N'Gregoria Perez De Denis', 22)
INSERT [dbo].[Localidades] ([codLocalidad], [nombre], [codProvincia]) VALUES (1983, N'Grutly', 22)
INSERT [dbo].[Localidades] ([codLocalidad], [nombre], [codProvincia]) VALUES (1984, N'Guadalupe N.', 22)
INSERT [dbo].[Localidades] ([codLocalidad], [nombre], [codProvincia]) VALUES (1985, N'Gödeken', 22)
INSERT [dbo].[Localidades] ([codLocalidad], [nombre], [codProvincia]) VALUES (1986, N'Helvecia', 22)
INSERT [dbo].[Localidades] ([codLocalidad], [nombre], [codProvincia]) VALUES (1987, N'Hersilia', 22)
INSERT [dbo].[Localidades] ([codLocalidad], [nombre], [codProvincia]) VALUES (1988, N'Hipatía', 22)
INSERT [dbo].[Localidades] ([codLocalidad], [nombre], [codProvincia]) VALUES (1989, N'Huanqueros', 22)
INSERT [dbo].[Localidades] ([codLocalidad], [nombre], [codProvincia]) VALUES (1990, N'Hugentobler', 22)
INSERT [dbo].[Localidades] ([codLocalidad], [nombre], [codProvincia]) VALUES (1991, N'Hughes', 22)
INSERT [dbo].[Localidades] ([codLocalidad], [nombre], [codProvincia]) VALUES (1992, N'Humberto 1º', 22)
INSERT [dbo].[Localidades] ([codLocalidad], [nombre], [codProvincia]) VALUES (1993, N'Humboldt', 22)
INSERT [dbo].[Localidades] ([codLocalidad], [nombre], [codProvincia]) VALUES (1994, N'Ibarlucea', 22)
INSERT [dbo].[Localidades] ([codLocalidad], [nombre], [codProvincia]) VALUES (1995, N'Ing. Chanourdie', 22)
INSERT [dbo].[Localidades] ([codLocalidad], [nombre], [codProvincia]) VALUES (1996, N'Intiyaco', 22)
INSERT [dbo].[Localidades] ([codLocalidad], [nombre], [codProvincia]) VALUES (1997, N'Ituzaingó', 22)
INSERT [dbo].[Localidades] ([codLocalidad], [nombre], [codProvincia]) VALUES (1998, N'Jacinto L. Aráuz', 22)
INSERT [dbo].[Localidades] ([codLocalidad], [nombre], [codProvincia]) VALUES (1999, N'Josefina', 22)
INSERT [dbo].[Localidades] ([codLocalidad], [nombre], [codProvincia]) VALUES (2000, N'Juan B. Molina', 22)
INSERT [dbo].[Localidades] ([codLocalidad], [nombre], [codProvincia]) VALUES (2001, N'Juan de Garay', 22)
INSERT [dbo].[Localidades] ([codLocalidad], [nombre], [codProvincia]) VALUES (2002, N'Juncal', 22)
INSERT [dbo].[Localidades] ([codLocalidad], [nombre], [codProvincia]) VALUES (2003, N'La Brava', 22)
INSERT [dbo].[Localidades] ([codLocalidad], [nombre], [codProvincia]) VALUES (2004, N'La Cabral', 22)
INSERT [dbo].[Localidades] ([codLocalidad], [nombre], [codProvincia]) VALUES (2005, N'La Camila', 22)
INSERT [dbo].[Localidades] ([codLocalidad], [nombre], [codProvincia]) VALUES (2006, N'La Chispa', 22)
INSERT [dbo].[Localidades] ([codLocalidad], [nombre], [codProvincia]) VALUES (2007, N'La Clara', 22)
INSERT [dbo].[Localidades] ([codLocalidad], [nombre], [codProvincia]) VALUES (2008, N'La Criolla', 22)
INSERT [dbo].[Localidades] ([codLocalidad], [nombre], [codProvincia]) VALUES (2009, N'La Gallareta', 22)
INSERT [dbo].[Localidades] ([codLocalidad], [nombre], [codProvincia]) VALUES (2010, N'La Lucila', 22)
INSERT [dbo].[Localidades] ([codLocalidad], [nombre], [codProvincia]) VALUES (2011, N'La Pelada', 22)
INSERT [dbo].[Localidades] ([codLocalidad], [nombre], [codProvincia]) VALUES (2012, N'La Penca', 22)
INSERT [dbo].[Localidades] ([codLocalidad], [nombre], [codProvincia]) VALUES (2013, N'La Rubia', 22)
INSERT [dbo].[Localidades] ([codLocalidad], [nombre], [codProvincia]) VALUES (2014, N'La Sarita', 22)
INSERT [dbo].[Localidades] ([codLocalidad], [nombre], [codProvincia]) VALUES (2015, N'La Vanguardia', 22)
INSERT [dbo].[Localidades] ([codLocalidad], [nombre], [codProvincia]) VALUES (2016, N'Labordeboy', 22)
INSERT [dbo].[Localidades] ([codLocalidad], [nombre], [codProvincia]) VALUES (2017, N'Laguna Paiva', 22)
INSERT [dbo].[Localidades] ([codLocalidad], [nombre], [codProvincia]) VALUES (2018, N'Landeta', 22)
INSERT [dbo].[Localidades] ([codLocalidad], [nombre], [codProvincia]) VALUES (2019, N'Lanteri', 22)
INSERT [dbo].[Localidades] ([codLocalidad], [nombre], [codProvincia]) VALUES (2020, N'Larrechea', 22)
GO
print 'Processed 2000 total records'
INSERT [dbo].[Localidades] ([codLocalidad], [nombre], [codProvincia]) VALUES (2021, N'Las Avispas', 22)
INSERT [dbo].[Localidades] ([codLocalidad], [nombre], [codProvincia]) VALUES (2022, N'Las Bandurrias', 22)
INSERT [dbo].[Localidades] ([codLocalidad], [nombre], [codProvincia]) VALUES (2023, N'Las Garzas', 22)
INSERT [dbo].[Localidades] ([codLocalidad], [nombre], [codProvincia]) VALUES (2024, N'Las Palmeras', 22)
INSERT [dbo].[Localidades] ([codLocalidad], [nombre], [codProvincia]) VALUES (2025, N'Las Parejas', 22)
INSERT [dbo].[Localidades] ([codLocalidad], [nombre], [codProvincia]) VALUES (2026, N'Las Petacas', 22)
INSERT [dbo].[Localidades] ([codLocalidad], [nombre], [codProvincia]) VALUES (2027, N'Las Rosas', 22)
INSERT [dbo].[Localidades] ([codLocalidad], [nombre], [codProvincia]) VALUES (2028, N'Las Toscas', 22)
INSERT [dbo].[Localidades] ([codLocalidad], [nombre], [codProvincia]) VALUES (2029, N'Las Tunas', 22)
INSERT [dbo].[Localidades] ([codLocalidad], [nombre], [codProvincia]) VALUES (2030, N'Lazzarino', 22)
INSERT [dbo].[Localidades] ([codLocalidad], [nombre], [codProvincia]) VALUES (2031, N'Lehmann', 22)
INSERT [dbo].[Localidades] ([codLocalidad], [nombre], [codProvincia]) VALUES (2032, N'Llambi Campbell', 22)
INSERT [dbo].[Localidades] ([codLocalidad], [nombre], [codProvincia]) VALUES (2033, N'Logroño', 22)
INSERT [dbo].[Localidades] ([codLocalidad], [nombre], [codProvincia]) VALUES (2034, N'Loma Alta', 22)
INSERT [dbo].[Localidades] ([codLocalidad], [nombre], [codProvincia]) VALUES (2035, N'López', 22)
INSERT [dbo].[Localidades] ([codLocalidad], [nombre], [codProvincia]) VALUES (2036, N'Los Amores', 22)
INSERT [dbo].[Localidades] ([codLocalidad], [nombre], [codProvincia]) VALUES (2037, N'Los Cardos', 22)
INSERT [dbo].[Localidades] ([codLocalidad], [nombre], [codProvincia]) VALUES (2038, N'Los Laureles', 22)
INSERT [dbo].[Localidades] ([codLocalidad], [nombre], [codProvincia]) VALUES (2039, N'Los Molinos', 22)
INSERT [dbo].[Localidades] ([codLocalidad], [nombre], [codProvincia]) VALUES (2040, N'Los Quirquinchos', 22)
INSERT [dbo].[Localidades] ([codLocalidad], [nombre], [codProvincia]) VALUES (2041, N'Lucio V. Lopez', 22)
INSERT [dbo].[Localidades] ([codLocalidad], [nombre], [codProvincia]) VALUES (2042, N'Luis Palacios', 22)
INSERT [dbo].[Localidades] ([codLocalidad], [nombre], [codProvincia]) VALUES (2043, N'Ma. Juana', 22)
INSERT [dbo].[Localidades] ([codLocalidad], [nombre], [codProvincia]) VALUES (2044, N'Ma. Luisa', 22)
INSERT [dbo].[Localidades] ([codLocalidad], [nombre], [codProvincia]) VALUES (2045, N'Ma. Susana', 22)
INSERT [dbo].[Localidades] ([codLocalidad], [nombre], [codProvincia]) VALUES (2046, N'Ma. Teresa', 22)
INSERT [dbo].[Localidades] ([codLocalidad], [nombre], [codProvincia]) VALUES (2047, N'Maciel', 22)
INSERT [dbo].[Localidades] ([codLocalidad], [nombre], [codProvincia]) VALUES (2048, N'Maggiolo', 22)
INSERT [dbo].[Localidades] ([codLocalidad], [nombre], [codProvincia]) VALUES (2049, N'Malabrigo', 22)
INSERT [dbo].[Localidades] ([codLocalidad], [nombre], [codProvincia]) VALUES (2050, N'Marcelino Escalada', 22)
INSERT [dbo].[Localidades] ([codLocalidad], [nombre], [codProvincia]) VALUES (2051, N'Margarita', 22)
INSERT [dbo].[Localidades] ([codLocalidad], [nombre], [codProvincia]) VALUES (2052, N'Matilde', 22)
INSERT [dbo].[Localidades] ([codLocalidad], [nombre], [codProvincia]) VALUES (2053, N'Mauá', 22)
INSERT [dbo].[Localidades] ([codLocalidad], [nombre], [codProvincia]) VALUES (2054, N'Máximo Paz', 22)
INSERT [dbo].[Localidades] ([codLocalidad], [nombre], [codProvincia]) VALUES (2055, N'Melincué', 22)
INSERT [dbo].[Localidades] ([codLocalidad], [nombre], [codProvincia]) VALUES (2056, N'Miguel Torres', 22)
INSERT [dbo].[Localidades] ([codLocalidad], [nombre], [codProvincia]) VALUES (2057, N'Moisés Ville', 22)
INSERT [dbo].[Localidades] ([codLocalidad], [nombre], [codProvincia]) VALUES (2058, N'Monigotes', 22)
INSERT [dbo].[Localidades] ([codLocalidad], [nombre], [codProvincia]) VALUES (2059, N'Monje', 22)
INSERT [dbo].[Localidades] ([codLocalidad], [nombre], [codProvincia]) VALUES (2060, N'Monte Obscuridad', 22)
INSERT [dbo].[Localidades] ([codLocalidad], [nombre], [codProvincia]) VALUES (2061, N'Monte Vera', 22)
INSERT [dbo].[Localidades] ([codLocalidad], [nombre], [codProvincia]) VALUES (2062, N'Montefiore', 22)
INSERT [dbo].[Localidades] ([codLocalidad], [nombre], [codProvincia]) VALUES (2063, N'Montes de Oca', 22)
INSERT [dbo].[Localidades] ([codLocalidad], [nombre], [codProvincia]) VALUES (2064, N'Murphy', 22)
INSERT [dbo].[Localidades] ([codLocalidad], [nombre], [codProvincia]) VALUES (2065, N'Ñanducita', 22)
INSERT [dbo].[Localidades] ([codLocalidad], [nombre], [codProvincia]) VALUES (2066, N'Naré', 22)
INSERT [dbo].[Localidades] ([codLocalidad], [nombre], [codProvincia]) VALUES (2067, N'Nelson', 22)
INSERT [dbo].[Localidades] ([codLocalidad], [nombre], [codProvincia]) VALUES (2068, N'Nicanor E. Molinas', 22)
INSERT [dbo].[Localidades] ([codLocalidad], [nombre], [codProvincia]) VALUES (2069, N'Nuevo Torino', 22)
INSERT [dbo].[Localidades] ([codLocalidad], [nombre], [codProvincia]) VALUES (2070, N'Oliveros', 22)
INSERT [dbo].[Localidades] ([codLocalidad], [nombre], [codProvincia]) VALUES (2071, N'Palacios', 22)
INSERT [dbo].[Localidades] ([codLocalidad], [nombre], [codProvincia]) VALUES (2072, N'Pavón', 22)
INSERT [dbo].[Localidades] ([codLocalidad], [nombre], [codProvincia]) VALUES (2073, N'Pavón Arriba', 22)
INSERT [dbo].[Localidades] ([codLocalidad], [nombre], [codProvincia]) VALUES (2074, N'Pedro Gómez Cello', 22)
INSERT [dbo].[Localidades] ([codLocalidad], [nombre], [codProvincia]) VALUES (2075, N'Pérez', 22)
INSERT [dbo].[Localidades] ([codLocalidad], [nombre], [codProvincia]) VALUES (2076, N'Peyrano', 22)
INSERT [dbo].[Localidades] ([codLocalidad], [nombre], [codProvincia]) VALUES (2077, N'Piamonte', 22)
INSERT [dbo].[Localidades] ([codLocalidad], [nombre], [codProvincia]) VALUES (2078, N'Pilar', 22)
INSERT [dbo].[Localidades] ([codLocalidad], [nombre], [codProvincia]) VALUES (2079, N'Piñero', 22)
INSERT [dbo].[Localidades] ([codLocalidad], [nombre], [codProvincia]) VALUES (2080, N'Plaza Clucellas', 22)
INSERT [dbo].[Localidades] ([codLocalidad], [nombre], [codProvincia]) VALUES (2081, N'Portugalete', 22)
INSERT [dbo].[Localidades] ([codLocalidad], [nombre], [codProvincia]) VALUES (2082, N'Pozo Borrado', 22)
INSERT [dbo].[Localidades] ([codLocalidad], [nombre], [codProvincia]) VALUES (2083, N'Progreso', 22)
INSERT [dbo].[Localidades] ([codLocalidad], [nombre], [codProvincia]) VALUES (2084, N'Providencia', 22)
INSERT [dbo].[Localidades] ([codLocalidad], [nombre], [codProvincia]) VALUES (2085, N'Pte. Roca', 22)
INSERT [dbo].[Localidades] ([codLocalidad], [nombre], [codProvincia]) VALUES (2086, N'Pueblo Andino', 22)
INSERT [dbo].[Localidades] ([codLocalidad], [nombre], [codProvincia]) VALUES (2087, N'Pueblo Esther', 22)
INSERT [dbo].[Localidades] ([codLocalidad], [nombre], [codProvincia]) VALUES (2088, N'Pueblo Gral. San Martín', 22)
INSERT [dbo].[Localidades] ([codLocalidad], [nombre], [codProvincia]) VALUES (2089, N'Pueblo Irigoyen', 22)
INSERT [dbo].[Localidades] ([codLocalidad], [nombre], [codProvincia]) VALUES (2090, N'Pueblo Marini', 22)
INSERT [dbo].[Localidades] ([codLocalidad], [nombre], [codProvincia]) VALUES (2091, N'Pueblo Muñoz', 22)
INSERT [dbo].[Localidades] ([codLocalidad], [nombre], [codProvincia]) VALUES (2092, N'Pueblo Uranga', 22)
INSERT [dbo].[Localidades] ([codLocalidad], [nombre], [codProvincia]) VALUES (2093, N'Pujato', 22)
INSERT [dbo].[Localidades] ([codLocalidad], [nombre], [codProvincia]) VALUES (2094, N'Pujato N.', 22)
INSERT [dbo].[Localidades] ([codLocalidad], [nombre], [codProvincia]) VALUES (2095, N'Rafaela', 22)
INSERT [dbo].[Localidades] ([codLocalidad], [nombre], [codProvincia]) VALUES (2096, N'Ramayón', 22)
INSERT [dbo].[Localidades] ([codLocalidad], [nombre], [codProvincia]) VALUES (2097, N'Ramona', 22)
INSERT [dbo].[Localidades] ([codLocalidad], [nombre], [codProvincia]) VALUES (2098, N'Reconquista', 22)
INSERT [dbo].[Localidades] ([codLocalidad], [nombre], [codProvincia]) VALUES (2099, N'Recreo', 22)
INSERT [dbo].[Localidades] ([codLocalidad], [nombre], [codProvincia]) VALUES (2100, N'Ricardone', 22)
INSERT [dbo].[Localidades] ([codLocalidad], [nombre], [codProvincia]) VALUES (2101, N'Rivadavia', 22)
INSERT [dbo].[Localidades] ([codLocalidad], [nombre], [codProvincia]) VALUES (2102, N'Roldán', 22)
INSERT [dbo].[Localidades] ([codLocalidad], [nombre], [codProvincia]) VALUES (2103, N'Romang', 22)
INSERT [dbo].[Localidades] ([codLocalidad], [nombre], [codProvincia]) VALUES (2104, N'Rosario', 22)
INSERT [dbo].[Localidades] ([codLocalidad], [nombre], [codProvincia]) VALUES (2105, N'Rueda', 22)
INSERT [dbo].[Localidades] ([codLocalidad], [nombre], [codProvincia]) VALUES (2106, N'Rufino', 22)
INSERT [dbo].[Localidades] ([codLocalidad], [nombre], [codProvincia]) VALUES (2107, N'Sa Pereira', 22)
INSERT [dbo].[Localidades] ([codLocalidad], [nombre], [codProvincia]) VALUES (2108, N'Saguier', 22)
INSERT [dbo].[Localidades] ([codLocalidad], [nombre], [codProvincia]) VALUES (2109, N'Saladero M. Cabal', 22)
INSERT [dbo].[Localidades] ([codLocalidad], [nombre], [codProvincia]) VALUES (2110, N'Salto Grande', 22)
INSERT [dbo].[Localidades] ([codLocalidad], [nombre], [codProvincia]) VALUES (2111, N'San Agustín', 22)
INSERT [dbo].[Localidades] ([codLocalidad], [nombre], [codProvincia]) VALUES (2112, N'San Antonio de Obligado', 22)
INSERT [dbo].[Localidades] ([codLocalidad], [nombre], [codProvincia]) VALUES (2113, N'San Bernardo (N.J.)', 22)
INSERT [dbo].[Localidades] ([codLocalidad], [nombre], [codProvincia]) VALUES (2114, N'San Bernardo (S.J.)', 22)
INSERT [dbo].[Localidades] ([codLocalidad], [nombre], [codProvincia]) VALUES (2115, N'San Carlos Centro', 22)
INSERT [dbo].[Localidades] ([codLocalidad], [nombre], [codProvincia]) VALUES (2116, N'San Carlos N.', 22)
INSERT [dbo].[Localidades] ([codLocalidad], [nombre], [codProvincia]) VALUES (2117, N'San Carlos S.', 22)
INSERT [dbo].[Localidades] ([codLocalidad], [nombre], [codProvincia]) VALUES (2118, N'San Cristóbal', 22)
INSERT [dbo].[Localidades] ([codLocalidad], [nombre], [codProvincia]) VALUES (2119, N'San Eduardo', 22)
INSERT [dbo].[Localidades] ([codLocalidad], [nombre], [codProvincia]) VALUES (2120, N'San Eugenio', 22)
INSERT [dbo].[Localidades] ([codLocalidad], [nombre], [codProvincia]) VALUES (2121, N'San Fabián', 22)
GO
print 'Processed 2100 total records'
INSERT [dbo].[Localidades] ([codLocalidad], [nombre], [codProvincia]) VALUES (2122, N'San Fco. de Santa Fé', 22)
INSERT [dbo].[Localidades] ([codLocalidad], [nombre], [codProvincia]) VALUES (2123, N'San Genaro', 22)
INSERT [dbo].[Localidades] ([codLocalidad], [nombre], [codProvincia]) VALUES (2124, N'San Genaro N.', 22)
INSERT [dbo].[Localidades] ([codLocalidad], [nombre], [codProvincia]) VALUES (2125, N'San Gregorio', 22)
INSERT [dbo].[Localidades] ([codLocalidad], [nombre], [codProvincia]) VALUES (2126, N'San Guillermo', 22)
INSERT [dbo].[Localidades] ([codLocalidad], [nombre], [codProvincia]) VALUES (2127, N'San Javier', 22)
INSERT [dbo].[Localidades] ([codLocalidad], [nombre], [codProvincia]) VALUES (2128, N'San Jerónimo del Sauce', 22)
INSERT [dbo].[Localidades] ([codLocalidad], [nombre], [codProvincia]) VALUES (2129, N'San Jerónimo N.', 22)
INSERT [dbo].[Localidades] ([codLocalidad], [nombre], [codProvincia]) VALUES (2130, N'San Jerónimo S.', 22)
INSERT [dbo].[Localidades] ([codLocalidad], [nombre], [codProvincia]) VALUES (2131, N'San Jorge', 22)
INSERT [dbo].[Localidades] ([codLocalidad], [nombre], [codProvincia]) VALUES (2132, N'San José de La Esquina', 22)
INSERT [dbo].[Localidades] ([codLocalidad], [nombre], [codProvincia]) VALUES (2133, N'San José del Rincón', 22)
INSERT [dbo].[Localidades] ([codLocalidad], [nombre], [codProvincia]) VALUES (2134, N'San Justo', 22)
INSERT [dbo].[Localidades] ([codLocalidad], [nombre], [codProvincia]) VALUES (2135, N'San Lorenzo', 22)
INSERT [dbo].[Localidades] ([codLocalidad], [nombre], [codProvincia]) VALUES (2136, N'San Mariano', 22)
INSERT [dbo].[Localidades] ([codLocalidad], [nombre], [codProvincia]) VALUES (2137, N'San Martín de Las Escobas', 22)
INSERT [dbo].[Localidades] ([codLocalidad], [nombre], [codProvincia]) VALUES (2138, N'San Martín N.', 22)
INSERT [dbo].[Localidades] ([codLocalidad], [nombre], [codProvincia]) VALUES (2139, N'San Vicente', 22)
INSERT [dbo].[Localidades] ([codLocalidad], [nombre], [codProvincia]) VALUES (2140, N'Sancti Spititu', 22)
INSERT [dbo].[Localidades] ([codLocalidad], [nombre], [codProvincia]) VALUES (2141, N'Sanford', 22)
INSERT [dbo].[Localidades] ([codLocalidad], [nombre], [codProvincia]) VALUES (2142, N'Santo Domingo', 22)
INSERT [dbo].[Localidades] ([codLocalidad], [nombre], [codProvincia]) VALUES (2143, N'Santo Tomé', 22)
INSERT [dbo].[Localidades] ([codLocalidad], [nombre], [codProvincia]) VALUES (2144, N'Santurce', 22)
INSERT [dbo].[Localidades] ([codLocalidad], [nombre], [codProvincia]) VALUES (2145, N'Sargento Cabral', 22)
INSERT [dbo].[Localidades] ([codLocalidad], [nombre], [codProvincia]) VALUES (2146, N'Sarmiento', 22)
INSERT [dbo].[Localidades] ([codLocalidad], [nombre], [codProvincia]) VALUES (2147, N'Sastre', 22)
INSERT [dbo].[Localidades] ([codLocalidad], [nombre], [codProvincia]) VALUES (2148, N'Sauce Viejo', 22)
INSERT [dbo].[Localidades] ([codLocalidad], [nombre], [codProvincia]) VALUES (2149, N'Serodino', 22)
INSERT [dbo].[Localidades] ([codLocalidad], [nombre], [codProvincia]) VALUES (2150, N'Silva', 22)
INSERT [dbo].[Localidades] ([codLocalidad], [nombre], [codProvincia]) VALUES (2151, N'Soldini', 22)
INSERT [dbo].[Localidades] ([codLocalidad], [nombre], [codProvincia]) VALUES (2152, N'Soledad', 22)
INSERT [dbo].[Localidades] ([codLocalidad], [nombre], [codProvincia]) VALUES (2153, N'Soutomayor', 22)
INSERT [dbo].[Localidades] ([codLocalidad], [nombre], [codProvincia]) VALUES (2154, N'Sta. Clara de Buena Vista', 22)
INSERT [dbo].[Localidades] ([codLocalidad], [nombre], [codProvincia]) VALUES (2155, N'Sta. Clara de Saguier', 22)
INSERT [dbo].[Localidades] ([codLocalidad], [nombre], [codProvincia]) VALUES (2156, N'Sta. Isabel', 22)
INSERT [dbo].[Localidades] ([codLocalidad], [nombre], [codProvincia]) VALUES (2157, N'Sta. Margarita', 22)
INSERT [dbo].[Localidades] ([codLocalidad], [nombre], [codProvincia]) VALUES (2158, N'Sta. Maria Centro', 22)
INSERT [dbo].[Localidades] ([codLocalidad], [nombre], [codProvincia]) VALUES (2159, N'Sta. María N.', 22)
INSERT [dbo].[Localidades] ([codLocalidad], [nombre], [codProvincia]) VALUES (2160, N'Sta. Rosa', 22)
INSERT [dbo].[Localidades] ([codLocalidad], [nombre], [codProvincia]) VALUES (2161, N'Sta. Teresa', 22)
INSERT [dbo].[Localidades] ([codLocalidad], [nombre], [codProvincia]) VALUES (2162, N'Suardi', 22)
INSERT [dbo].[Localidades] ([codLocalidad], [nombre], [codProvincia]) VALUES (2163, N'Sunchales', 22)
INSERT [dbo].[Localidades] ([codLocalidad], [nombre], [codProvincia]) VALUES (2164, N'Susana', 22)
INSERT [dbo].[Localidades] ([codLocalidad], [nombre], [codProvincia]) VALUES (2165, N'Tacuarendí', 22)
INSERT [dbo].[Localidades] ([codLocalidad], [nombre], [codProvincia]) VALUES (2166, N'Tacural', 22)
INSERT [dbo].[Localidades] ([codLocalidad], [nombre], [codProvincia]) VALUES (2167, N'Tartagal', 22)
INSERT [dbo].[Localidades] ([codLocalidad], [nombre], [codProvincia]) VALUES (2168, N'Teodelina', 22)
INSERT [dbo].[Localidades] ([codLocalidad], [nombre], [codProvincia]) VALUES (2169, N'Theobald', 22)
INSERT [dbo].[Localidades] ([codLocalidad], [nombre], [codProvincia]) VALUES (2170, N'Timbúes', 22)
INSERT [dbo].[Localidades] ([codLocalidad], [nombre], [codProvincia]) VALUES (2171, N'Toba', 22)
INSERT [dbo].[Localidades] ([codLocalidad], [nombre], [codProvincia]) VALUES (2172, N'Tortugas', 22)
INSERT [dbo].[Localidades] ([codLocalidad], [nombre], [codProvincia]) VALUES (2173, N'Tostado', 22)
INSERT [dbo].[Localidades] ([codLocalidad], [nombre], [codProvincia]) VALUES (2174, N'Totoras', 22)
INSERT [dbo].[Localidades] ([codLocalidad], [nombre], [codProvincia]) VALUES (2175, N'Traill', 22)
INSERT [dbo].[Localidades] ([codLocalidad], [nombre], [codProvincia]) VALUES (2176, N'Venado Tuerto', 22)
INSERT [dbo].[Localidades] ([codLocalidad], [nombre], [codProvincia]) VALUES (2177, N'Vera', 22)
INSERT [dbo].[Localidades] ([codLocalidad], [nombre], [codProvincia]) VALUES (2178, N'Vera y Pintado', 22)
INSERT [dbo].[Localidades] ([codLocalidad], [nombre], [codProvincia]) VALUES (2179, N'Videla', 22)
INSERT [dbo].[Localidades] ([codLocalidad], [nombre], [codProvincia]) VALUES (2180, N'Vila', 22)
INSERT [dbo].[Localidades] ([codLocalidad], [nombre], [codProvincia]) VALUES (2181, N'Villa Amelia', 22)
INSERT [dbo].[Localidades] ([codLocalidad], [nombre], [codProvincia]) VALUES (2182, N'Villa Ana', 22)
INSERT [dbo].[Localidades] ([codLocalidad], [nombre], [codProvincia]) VALUES (2183, N'Villa Cañas', 22)
INSERT [dbo].[Localidades] ([codLocalidad], [nombre], [codProvincia]) VALUES (2184, N'Villa Constitución', 22)
INSERT [dbo].[Localidades] ([codLocalidad], [nombre], [codProvincia]) VALUES (2185, N'Villa Eloísa', 22)
INSERT [dbo].[Localidades] ([codLocalidad], [nombre], [codProvincia]) VALUES (2186, N'Villa Gdor. Gálvez', 22)
INSERT [dbo].[Localidades] ([codLocalidad], [nombre], [codProvincia]) VALUES (2187, N'Villa Guillermina', 22)
INSERT [dbo].[Localidades] ([codLocalidad], [nombre], [codProvincia]) VALUES (2188, N'Villa Minetti', 22)
INSERT [dbo].[Localidades] ([codLocalidad], [nombre], [codProvincia]) VALUES (2189, N'Villa Mugueta', 22)
INSERT [dbo].[Localidades] ([codLocalidad], [nombre], [codProvincia]) VALUES (2190, N'Villa Ocampo', 22)
INSERT [dbo].[Localidades] ([codLocalidad], [nombre], [codProvincia]) VALUES (2191, N'Villa San José', 22)
INSERT [dbo].[Localidades] ([codLocalidad], [nombre], [codProvincia]) VALUES (2192, N'Villa Saralegui', 22)
INSERT [dbo].[Localidades] ([codLocalidad], [nombre], [codProvincia]) VALUES (2193, N'Villa Trinidad', 22)
INSERT [dbo].[Localidades] ([codLocalidad], [nombre], [codProvincia]) VALUES (2194, N'Villada', 22)
INSERT [dbo].[Localidades] ([codLocalidad], [nombre], [codProvincia]) VALUES (2195, N'Virginia', 22)
INSERT [dbo].[Localidades] ([codLocalidad], [nombre], [codProvincia]) VALUES (2196, N'Wheelwright', 22)
INSERT [dbo].[Localidades] ([codLocalidad], [nombre], [codProvincia]) VALUES (2197, N'Zavalla', 22)
INSERT [dbo].[Localidades] ([codLocalidad], [nombre], [codProvincia]) VALUES (2198, N'Zenón Pereira', 22)
INSERT [dbo].[Localidades] ([codLocalidad], [nombre], [codProvincia]) VALUES (2199, N'Añatuya', 23)
INSERT [dbo].[Localidades] ([codLocalidad], [nombre], [codProvincia]) VALUES (2200, N'Árraga', 23)
INSERT [dbo].[Localidades] ([codLocalidad], [nombre], [codProvincia]) VALUES (2201, N'Bandera', 23)
INSERT [dbo].[Localidades] ([codLocalidad], [nombre], [codProvincia]) VALUES (2202, N'Bandera Bajada', 23)
INSERT [dbo].[Localidades] ([codLocalidad], [nombre], [codProvincia]) VALUES (2203, N'Beltrán', 23)
INSERT [dbo].[Localidades] ([codLocalidad], [nombre], [codProvincia]) VALUES (2204, N'Brea Pozo', 23)
INSERT [dbo].[Localidades] ([codLocalidad], [nombre], [codProvincia]) VALUES (2205, N'Campo Gallo', 23)
INSERT [dbo].[Localidades] ([codLocalidad], [nombre], [codProvincia]) VALUES (2206, N'Capital', 23)
INSERT [dbo].[Localidades] ([codLocalidad], [nombre], [codProvincia]) VALUES (2207, N'Chilca Juliana', 23)
INSERT [dbo].[Localidades] ([codLocalidad], [nombre], [codProvincia]) VALUES (2208, N'Choya', 23)
INSERT [dbo].[Localidades] ([codLocalidad], [nombre], [codProvincia]) VALUES (2209, N'Clodomira', 23)
INSERT [dbo].[Localidades] ([codLocalidad], [nombre], [codProvincia]) VALUES (2210, N'Col. Alpina', 23)
INSERT [dbo].[Localidades] ([codLocalidad], [nombre], [codProvincia]) VALUES (2211, N'Col. Dora', 23)
INSERT [dbo].[Localidades] ([codLocalidad], [nombre], [codProvincia]) VALUES (2212, N'Col. El Simbolar Robles', 23)
INSERT [dbo].[Localidades] ([codLocalidad], [nombre], [codProvincia]) VALUES (2213, N'El Bobadal', 23)
INSERT [dbo].[Localidades] ([codLocalidad], [nombre], [codProvincia]) VALUES (2214, N'El Charco', 23)
INSERT [dbo].[Localidades] ([codLocalidad], [nombre], [codProvincia]) VALUES (2215, N'El Mojón', 23)
INSERT [dbo].[Localidades] ([codLocalidad], [nombre], [codProvincia]) VALUES (2216, N'Estación Atamisqui', 23)
INSERT [dbo].[Localidades] ([codLocalidad], [nombre], [codProvincia]) VALUES (2217, N'Estación Simbolar', 23)
INSERT [dbo].[Localidades] ([codLocalidad], [nombre], [codProvincia]) VALUES (2218, N'Fernández', 23)
INSERT [dbo].[Localidades] ([codLocalidad], [nombre], [codProvincia]) VALUES (2219, N'Fortín Inca', 23)
INSERT [dbo].[Localidades] ([codLocalidad], [nombre], [codProvincia]) VALUES (2220, N'Frías', 23)
INSERT [dbo].[Localidades] ([codLocalidad], [nombre], [codProvincia]) VALUES (2221, N'Garza', 23)
INSERT [dbo].[Localidades] ([codLocalidad], [nombre], [codProvincia]) VALUES (2222, N'Gramilla', 23)
GO
print 'Processed 2200 total records'
INSERT [dbo].[Localidades] ([codLocalidad], [nombre], [codProvincia]) VALUES (2223, N'Guardia Escolta', 23)
INSERT [dbo].[Localidades] ([codLocalidad], [nombre], [codProvincia]) VALUES (2224, N'Herrera', 23)
INSERT [dbo].[Localidades] ([codLocalidad], [nombre], [codProvincia]) VALUES (2225, N'Icaño', 23)
INSERT [dbo].[Localidades] ([codLocalidad], [nombre], [codProvincia]) VALUES (2226, N'Ing. Forres', 23)
INSERT [dbo].[Localidades] ([codLocalidad], [nombre], [codProvincia]) VALUES (2227, N'La Banda', 23)
INSERT [dbo].[Localidades] ([codLocalidad], [nombre], [codProvincia]) VALUES (2228, N'La Cañada', 23)
INSERT [dbo].[Localidades] ([codLocalidad], [nombre], [codProvincia]) VALUES (2229, N'Laprida', 23)
INSERT [dbo].[Localidades] ([codLocalidad], [nombre], [codProvincia]) VALUES (2230, N'Lavalle', 23)
INSERT [dbo].[Localidades] ([codLocalidad], [nombre], [codProvincia]) VALUES (2231, N'Loreto', 23)
INSERT [dbo].[Localidades] ([codLocalidad], [nombre], [codProvincia]) VALUES (2232, N'Los Juríes', 23)
INSERT [dbo].[Localidades] ([codLocalidad], [nombre], [codProvincia]) VALUES (2233, N'Los Núñez', 23)
INSERT [dbo].[Localidades] ([codLocalidad], [nombre], [codProvincia]) VALUES (2234, N'Los Pirpintos', 23)
INSERT [dbo].[Localidades] ([codLocalidad], [nombre], [codProvincia]) VALUES (2235, N'Los Quiroga', 23)
INSERT [dbo].[Localidades] ([codLocalidad], [nombre], [codProvincia]) VALUES (2236, N'Los Telares', 23)
INSERT [dbo].[Localidades] ([codLocalidad], [nombre], [codProvincia]) VALUES (2237, N'Lugones', 23)
INSERT [dbo].[Localidades] ([codLocalidad], [nombre], [codProvincia]) VALUES (2238, N'Malbrán', 23)
INSERT [dbo].[Localidades] ([codLocalidad], [nombre], [codProvincia]) VALUES (2239, N'Matara', 23)
INSERT [dbo].[Localidades] ([codLocalidad], [nombre], [codProvincia]) VALUES (2240, N'Medellín', 23)
INSERT [dbo].[Localidades] ([codLocalidad], [nombre], [codProvincia]) VALUES (2241, N'Monte Quemado', 23)
INSERT [dbo].[Localidades] ([codLocalidad], [nombre], [codProvincia]) VALUES (2242, N'Nueva Esperanza', 23)
INSERT [dbo].[Localidades] ([codLocalidad], [nombre], [codProvincia]) VALUES (2243, N'Nueva Francia', 23)
INSERT [dbo].[Localidades] ([codLocalidad], [nombre], [codProvincia]) VALUES (2244, N'Palo Negro', 23)
INSERT [dbo].[Localidades] ([codLocalidad], [nombre], [codProvincia]) VALUES (2245, N'Pampa de Los Guanacos', 23)
INSERT [dbo].[Localidades] ([codLocalidad], [nombre], [codProvincia]) VALUES (2246, N'Pinto', 23)
INSERT [dbo].[Localidades] ([codLocalidad], [nombre], [codProvincia]) VALUES (2247, N'Pozo Hondo', 23)
INSERT [dbo].[Localidades] ([codLocalidad], [nombre], [codProvincia]) VALUES (2248, N'Quimilí', 23)
INSERT [dbo].[Localidades] ([codLocalidad], [nombre], [codProvincia]) VALUES (2249, N'Real Sayana', 23)
INSERT [dbo].[Localidades] ([codLocalidad], [nombre], [codProvincia]) VALUES (2250, N'Sachayoj', 23)
INSERT [dbo].[Localidades] ([codLocalidad], [nombre], [codProvincia]) VALUES (2251, N'San Pedro de Guasayán', 23)
INSERT [dbo].[Localidades] ([codLocalidad], [nombre], [codProvincia]) VALUES (2252, N'Selva', 23)
INSERT [dbo].[Localidades] ([codLocalidad], [nombre], [codProvincia]) VALUES (2253, N'Sol de Julio', 23)
INSERT [dbo].[Localidades] ([codLocalidad], [nombre], [codProvincia]) VALUES (2254, N'Sumampa', 23)
INSERT [dbo].[Localidades] ([codLocalidad], [nombre], [codProvincia]) VALUES (2255, N'Suncho Corral', 23)
INSERT [dbo].[Localidades] ([codLocalidad], [nombre], [codProvincia]) VALUES (2256, N'Taboada', 23)
INSERT [dbo].[Localidades] ([codLocalidad], [nombre], [codProvincia]) VALUES (2257, N'Tapso', 23)
INSERT [dbo].[Localidades] ([codLocalidad], [nombre], [codProvincia]) VALUES (2258, N'Termas de Rio Hondo', 23)
INSERT [dbo].[Localidades] ([codLocalidad], [nombre], [codProvincia]) VALUES (2259, N'Tintina', 23)
INSERT [dbo].[Localidades] ([codLocalidad], [nombre], [codProvincia]) VALUES (2260, N'Tomas Young', 23)
INSERT [dbo].[Localidades] ([codLocalidad], [nombre], [codProvincia]) VALUES (2261, N'Vilelas', 23)
INSERT [dbo].[Localidades] ([codLocalidad], [nombre], [codProvincia]) VALUES (2262, N'Villa Atamisqui', 23)
INSERT [dbo].[Localidades] ([codLocalidad], [nombre], [codProvincia]) VALUES (2263, N'Villa La Punta', 23)
INSERT [dbo].[Localidades] ([codLocalidad], [nombre], [codProvincia]) VALUES (2264, N'Villa Ojo de Agua', 23)
INSERT [dbo].[Localidades] ([codLocalidad], [nombre], [codProvincia]) VALUES (2265, N'Villa Río Hondo', 23)
INSERT [dbo].[Localidades] ([codLocalidad], [nombre], [codProvincia]) VALUES (2266, N'Villa Salavina', 23)
INSERT [dbo].[Localidades] ([codLocalidad], [nombre], [codProvincia]) VALUES (2267, N'Villa Unión', 23)
INSERT [dbo].[Localidades] ([codLocalidad], [nombre], [codProvincia]) VALUES (2268, N'Vilmer', 23)
INSERT [dbo].[Localidades] ([codLocalidad], [nombre], [codProvincia]) VALUES (2269, N'Weisburd', 23)
INSERT [dbo].[Localidades] ([codLocalidad], [nombre], [codProvincia]) VALUES (2270, N'Río Grande', 24)
INSERT [dbo].[Localidades] ([codLocalidad], [nombre], [codProvincia]) VALUES (2271, N'Tolhuin', 24)
INSERT [dbo].[Localidades] ([codLocalidad], [nombre], [codProvincia]) VALUES (2272, N'Ushuaia', 24)
INSERT [dbo].[Localidades] ([codLocalidad], [nombre], [codProvincia]) VALUES (2273, N'Acheral', 25)
INSERT [dbo].[Localidades] ([codLocalidad], [nombre], [codProvincia]) VALUES (2274, N'Agua Dulce', 25)
INSERT [dbo].[Localidades] ([codLocalidad], [nombre], [codProvincia]) VALUES (2275, N'Aguilares', 25)
INSERT [dbo].[Localidades] ([codLocalidad], [nombre], [codProvincia]) VALUES (2276, N'Alderetes', 25)
INSERT [dbo].[Localidades] ([codLocalidad], [nombre], [codProvincia]) VALUES (2277, N'Alpachiri', 25)
INSERT [dbo].[Localidades] ([codLocalidad], [nombre], [codProvincia]) VALUES (2278, N'Alto Verde', 25)
INSERT [dbo].[Localidades] ([codLocalidad], [nombre], [codProvincia]) VALUES (2279, N'Amaicha del Valle', 25)
INSERT [dbo].[Localidades] ([codLocalidad], [nombre], [codProvincia]) VALUES (2280, N'Amberes', 25)
INSERT [dbo].[Localidades] ([codLocalidad], [nombre], [codProvincia]) VALUES (2281, N'Ancajuli', 25)
INSERT [dbo].[Localidades] ([codLocalidad], [nombre], [codProvincia]) VALUES (2282, N'Arcadia', 25)
INSERT [dbo].[Localidades] ([codLocalidad], [nombre], [codProvincia]) VALUES (2283, N'Atahona', 25)
INSERT [dbo].[Localidades] ([codLocalidad], [nombre], [codProvincia]) VALUES (2284, N'Banda del Río Sali', 25)
INSERT [dbo].[Localidades] ([codLocalidad], [nombre], [codProvincia]) VALUES (2285, N'Bella Vista', 25)
INSERT [dbo].[Localidades] ([codLocalidad], [nombre], [codProvincia]) VALUES (2286, N'Buena Vista', 25)
INSERT [dbo].[Localidades] ([codLocalidad], [nombre], [codProvincia]) VALUES (2287, N'Burruyacú', 25)
INSERT [dbo].[Localidades] ([codLocalidad], [nombre], [codProvincia]) VALUES (2288, N'Capitán Cáceres', 25)
INSERT [dbo].[Localidades] ([codLocalidad], [nombre], [codProvincia]) VALUES (2289, N'Cevil Redondo', 25)
INSERT [dbo].[Localidades] ([codLocalidad], [nombre], [codProvincia]) VALUES (2290, N'Choromoro', 25)
INSERT [dbo].[Localidades] ([codLocalidad], [nombre], [codProvincia]) VALUES (2291, N'Ciudacita', 25)
INSERT [dbo].[Localidades] ([codLocalidad], [nombre], [codProvincia]) VALUES (2292, N'Colalao del Valle', 25)
INSERT [dbo].[Localidades] ([codLocalidad], [nombre], [codProvincia]) VALUES (2293, N'Colombres', 25)
INSERT [dbo].[Localidades] ([codLocalidad], [nombre], [codProvincia]) VALUES (2294, N'Concepción', 25)
INSERT [dbo].[Localidades] ([codLocalidad], [nombre], [codProvincia]) VALUES (2295, N'Delfín Gallo', 25)
INSERT [dbo].[Localidades] ([codLocalidad], [nombre], [codProvincia]) VALUES (2296, N'El Bracho', 25)
INSERT [dbo].[Localidades] ([codLocalidad], [nombre], [codProvincia]) VALUES (2297, N'El Cadillal', 25)
INSERT [dbo].[Localidades] ([codLocalidad], [nombre], [codProvincia]) VALUES (2298, N'El Cercado', 25)
INSERT [dbo].[Localidades] ([codLocalidad], [nombre], [codProvincia]) VALUES (2299, N'El Chañar', 25)
INSERT [dbo].[Localidades] ([codLocalidad], [nombre], [codProvincia]) VALUES (2300, N'El Manantial', 25)
INSERT [dbo].[Localidades] ([codLocalidad], [nombre], [codProvincia]) VALUES (2301, N'El Mojón', 25)
INSERT [dbo].[Localidades] ([codLocalidad], [nombre], [codProvincia]) VALUES (2302, N'El Mollar', 25)
INSERT [dbo].[Localidades] ([codLocalidad], [nombre], [codProvincia]) VALUES (2303, N'El Naranjito', 25)
INSERT [dbo].[Localidades] ([codLocalidad], [nombre], [codProvincia]) VALUES (2304, N'El Naranjo', 25)
INSERT [dbo].[Localidades] ([codLocalidad], [nombre], [codProvincia]) VALUES (2305, N'El Polear', 25)
INSERT [dbo].[Localidades] ([codLocalidad], [nombre], [codProvincia]) VALUES (2306, N'El Puestito', 25)
INSERT [dbo].[Localidades] ([codLocalidad], [nombre], [codProvincia]) VALUES (2307, N'El Sacrificio', 25)
INSERT [dbo].[Localidades] ([codLocalidad], [nombre], [codProvincia]) VALUES (2308, N'El Timbó', 25)
INSERT [dbo].[Localidades] ([codLocalidad], [nombre], [codProvincia]) VALUES (2309, N'Escaba', 25)
INSERT [dbo].[Localidades] ([codLocalidad], [nombre], [codProvincia]) VALUES (2310, N'Esquina', 25)
INSERT [dbo].[Localidades] ([codLocalidad], [nombre], [codProvincia]) VALUES (2311, N'Estación Aráoz', 25)
INSERT [dbo].[Localidades] ([codLocalidad], [nombre], [codProvincia]) VALUES (2312, N'Famaillá', 25)
INSERT [dbo].[Localidades] ([codLocalidad], [nombre], [codProvincia]) VALUES (2313, N'Gastone', 25)
INSERT [dbo].[Localidades] ([codLocalidad], [nombre], [codProvincia]) VALUES (2314, N'Gdor. Garmendia', 25)
INSERT [dbo].[Localidades] ([codLocalidad], [nombre], [codProvincia]) VALUES (2315, N'Gdor. Piedrabuena', 25)
INSERT [dbo].[Localidades] ([codLocalidad], [nombre], [codProvincia]) VALUES (2316, N'Graneros', 25)
INSERT [dbo].[Localidades] ([codLocalidad], [nombre], [codProvincia]) VALUES (2317, N'Huasa Pampa', 25)
INSERT [dbo].[Localidades] ([codLocalidad], [nombre], [codProvincia]) VALUES (2318, N'J. B. Alberdi', 25)
INSERT [dbo].[Localidades] ([codLocalidad], [nombre], [codProvincia]) VALUES (2319, N'La Cocha', 25)
INSERT [dbo].[Localidades] ([codLocalidad], [nombre], [codProvincia]) VALUES (2320, N'La Esperanza', 25)
INSERT [dbo].[Localidades] ([codLocalidad], [nombre], [codProvincia]) VALUES (2321, N'La Florida', 25)
INSERT [dbo].[Localidades] ([codLocalidad], [nombre], [codProvincia]) VALUES (2322, N'La Ramada', 25)
INSERT [dbo].[Localidades] ([codLocalidad], [nombre], [codProvincia]) VALUES (2323, N'La Trinidad', 25)
GO
print 'Processed 2300 total records'
INSERT [dbo].[Localidades] ([codLocalidad], [nombre], [codProvincia]) VALUES (2324, N'Lamadrid', 25)
INSERT [dbo].[Localidades] ([codLocalidad], [nombre], [codProvincia]) VALUES (2325, N'Las Cejas', 25)
INSERT [dbo].[Localidades] ([codLocalidad], [nombre], [codProvincia]) VALUES (2326, N'Las Talas', 25)
INSERT [dbo].[Localidades] ([codLocalidad], [nombre], [codProvincia]) VALUES (2327, N'Las Talitas', 25)
INSERT [dbo].[Localidades] ([codLocalidad], [nombre], [codProvincia]) VALUES (2328, N'Los Bulacio', 25)
INSERT [dbo].[Localidades] ([codLocalidad], [nombre], [codProvincia]) VALUES (2329, N'Los Gómez', 25)
INSERT [dbo].[Localidades] ([codLocalidad], [nombre], [codProvincia]) VALUES (2330, N'Los Nogales', 25)
INSERT [dbo].[Localidades] ([codLocalidad], [nombre], [codProvincia]) VALUES (2331, N'Los Pereyra', 25)
INSERT [dbo].[Localidades] ([codLocalidad], [nombre], [codProvincia]) VALUES (2332, N'Los Pérez', 25)
INSERT [dbo].[Localidades] ([codLocalidad], [nombre], [codProvincia]) VALUES (2333, N'Los Puestos', 25)
INSERT [dbo].[Localidades] ([codLocalidad], [nombre], [codProvincia]) VALUES (2334, N'Los Ralos', 25)
INSERT [dbo].[Localidades] ([codLocalidad], [nombre], [codProvincia]) VALUES (2335, N'Los Sarmientos', 25)
INSERT [dbo].[Localidades] ([codLocalidad], [nombre], [codProvincia]) VALUES (2336, N'Los Sosa', 25)
INSERT [dbo].[Localidades] ([codLocalidad], [nombre], [codProvincia]) VALUES (2337, N'Lules', 25)
INSERT [dbo].[Localidades] ([codLocalidad], [nombre], [codProvincia]) VALUES (2338, N'M. García Fernández', 25)
INSERT [dbo].[Localidades] ([codLocalidad], [nombre], [codProvincia]) VALUES (2339, N'Manuela Pedraza', 25)
INSERT [dbo].[Localidades] ([codLocalidad], [nombre], [codProvincia]) VALUES (2340, N'Medinas', 25)
INSERT [dbo].[Localidades] ([codLocalidad], [nombre], [codProvincia]) VALUES (2341, N'Monte Bello', 25)
INSERT [dbo].[Localidades] ([codLocalidad], [nombre], [codProvincia]) VALUES (2342, N'Monteagudo', 25)
INSERT [dbo].[Localidades] ([codLocalidad], [nombre], [codProvincia]) VALUES (2343, N'Monteros', 25)
INSERT [dbo].[Localidades] ([codLocalidad], [nombre], [codProvincia]) VALUES (2344, N'Padre Monti', 25)
INSERT [dbo].[Localidades] ([codLocalidad], [nombre], [codProvincia]) VALUES (2345, N'Pampa Mayo', 25)
INSERT [dbo].[Localidades] ([codLocalidad], [nombre], [codProvincia]) VALUES (2346, N'Quilmes', 25)
INSERT [dbo].[Localidades] ([codLocalidad], [nombre], [codProvincia]) VALUES (2347, N'Raco', 25)
INSERT [dbo].[Localidades] ([codLocalidad], [nombre], [codProvincia]) VALUES (2348, N'Ranchillos', 25)
INSERT [dbo].[Localidades] ([codLocalidad], [nombre], [codProvincia]) VALUES (2349, N'Río Chico', 25)
INSERT [dbo].[Localidades] ([codLocalidad], [nombre], [codProvincia]) VALUES (2350, N'Río Colorado', 25)
INSERT [dbo].[Localidades] ([codLocalidad], [nombre], [codProvincia]) VALUES (2351, N'Río Seco', 25)
INSERT [dbo].[Localidades] ([codLocalidad], [nombre], [codProvincia]) VALUES (2352, N'Rumi Punco', 25)
INSERT [dbo].[Localidades] ([codLocalidad], [nombre], [codProvincia]) VALUES (2353, N'San Andrés', 25)
INSERT [dbo].[Localidades] ([codLocalidad], [nombre], [codProvincia]) VALUES (2354, N'San Felipe', 25)
INSERT [dbo].[Localidades] ([codLocalidad], [nombre], [codProvincia]) VALUES (2355, N'San Ignacio', 25)
INSERT [dbo].[Localidades] ([codLocalidad], [nombre], [codProvincia]) VALUES (2356, N'San Javier', 25)
INSERT [dbo].[Localidades] ([codLocalidad], [nombre], [codProvincia]) VALUES (2357, N'San José', 25)
INSERT [dbo].[Localidades] ([codLocalidad], [nombre], [codProvincia]) VALUES (2358, N'San Miguel de 25', 25)
INSERT [dbo].[Localidades] ([codLocalidad], [nombre], [codProvincia]) VALUES (2359, N'San Pedro', 25)
INSERT [dbo].[Localidades] ([codLocalidad], [nombre], [codProvincia]) VALUES (2360, N'San Pedro de Colalao', 25)
INSERT [dbo].[Localidades] ([codLocalidad], [nombre], [codProvincia]) VALUES (2361, N'Santa Rosa de Leales', 25)
INSERT [dbo].[Localidades] ([codLocalidad], [nombre], [codProvincia]) VALUES (2362, N'Sgto. Moya', 25)
INSERT [dbo].[Localidades] ([codLocalidad], [nombre], [codProvincia]) VALUES (2363, N'Siete de Abril', 25)
INSERT [dbo].[Localidades] ([codLocalidad], [nombre], [codProvincia]) VALUES (2364, N'Simoca', 25)
INSERT [dbo].[Localidades] ([codLocalidad], [nombre], [codProvincia]) VALUES (2365, N'Soldado Maldonado', 25)
INSERT [dbo].[Localidades] ([codLocalidad], [nombre], [codProvincia]) VALUES (2366, N'Sta. Ana', 25)
INSERT [dbo].[Localidades] ([codLocalidad], [nombre], [codProvincia]) VALUES (2367, N'Sta. Cruz', 25)
INSERT [dbo].[Localidades] ([codLocalidad], [nombre], [codProvincia]) VALUES (2368, N'Sta. Lucía', 25)
INSERT [dbo].[Localidades] ([codLocalidad], [nombre], [codProvincia]) VALUES (2369, N'Taco Ralo', 25)
INSERT [dbo].[Localidades] ([codLocalidad], [nombre], [codProvincia]) VALUES (2370, N'Tafí del Valle', 25)
INSERT [dbo].[Localidades] ([codLocalidad], [nombre], [codProvincia]) VALUES (2371, N'Tafí Viejo', 25)
INSERT [dbo].[Localidades] ([codLocalidad], [nombre], [codProvincia]) VALUES (2372, N'Tapia', 25)
INSERT [dbo].[Localidades] ([codLocalidad], [nombre], [codProvincia]) VALUES (2373, N'Teniente Berdina', 25)
INSERT [dbo].[Localidades] ([codLocalidad], [nombre], [codProvincia]) VALUES (2374, N'Trancas', 25)
INSERT [dbo].[Localidades] ([codLocalidad], [nombre], [codProvincia]) VALUES (2375, N'Villa Belgrano', 25)
INSERT [dbo].[Localidades] ([codLocalidad], [nombre], [codProvincia]) VALUES (2376, N'Villa Benjamín Araoz', 25)
INSERT [dbo].[Localidades] ([codLocalidad], [nombre], [codProvincia]) VALUES (2377, N'Villa Chiligasta', 25)
INSERT [dbo].[Localidades] ([codLocalidad], [nombre], [codProvincia]) VALUES (2378, N'Villa de Leales', 25)
INSERT [dbo].[Localidades] ([codLocalidad], [nombre], [codProvincia]) VALUES (2379, N'Villa Quinteros', 25)
INSERT [dbo].[Localidades] ([codLocalidad], [nombre], [codProvincia]) VALUES (2380, N'Yánima', 25)
INSERT [dbo].[Localidades] ([codLocalidad], [nombre], [codProvincia]) VALUES (2381, N'Yerba Buena', 25)
INSERT [dbo].[Localidades] ([codLocalidad], [nombre], [codProvincia]) VALUES (2382, N'Yerba Buena (S)', 25)
/****** Object:  Table [dbo].[Usuarios]    Script Date: 11/08/2017 08:40:22 ******/
SET ANSI_NULLS ON
GO
SET QUOTED_IDENTIFIER ON
GO
SET ANSI_PADDING ON
GO
CREATE TABLE [dbo].[Usuarios](
	[nombreUsuario] [varchar](50) NOT NULL,
	[password] [varchar](50) NOT NULL,
	[email] [varchar](50) NOT NULL,
	[idPerfil] [int] NOT NULL,
	[idAvatar] [int] NULL,
	[bajaLogica] [bit] NOT NULL,
 CONSTRAINT [PK_Usuarios] PRIMARY KEY CLUSTERED 
(
	[nombreUsuario] ASC
)WITH (PAD_INDEX  = OFF, STATISTICS_NORECOMPUTE  = OFF, IGNORE_DUP_KEY = OFF, ALLOW_ROW_LOCKS  = ON, ALLOW_PAGE_LOCKS  = ON) ON [PRIMARY]
) ON [PRIMARY]
GO
SET ANSI_PADDING OFF
GO
INSERT [dbo].[Usuarios] ([nombreUsuario], [password], [email], [idPerfil], [idAvatar], [bajaLogica]) VALUES (N'admin', N'admin', N'admin@prueba.com', 1, 1, 0)
INSERT [dbo].[Usuarios] ([nombreUsuario], [password], [email], [idPerfil], [idAvatar], [bajaLogica]) VALUES (N'nicolan', N'nicolan', N'nicolaslazzos14@gmail.com', 2, 2, 0)
INSERT [dbo].[Usuarios] ([nombreUsuario], [password], [email], [idPerfil], [idAvatar], [bajaLogica]) VALUES (N'yunesa', N'asd123', N'agustinyunesss@gmail.com', 2, 0, 0)
/****** Object:  StoredProcedure [dbo].[ListadoProductos]    Script Date: 11/08/2017 08:40:21 ******/
SET ANSI_NULLS ON
GO
SET QUOTED_IDENTIFIER ON
GO
CREATE procedure [dbo].[ListadoProductos] 
( @fechaDesde datetime, @fechaHasta datetime, @tipoProducto int, @stockMayorA int, @stockMenorA int) 
as 
SELECT p.codProducto, p.nombre AS Producto, tp.nombre AS TipoProducto, p.precioVenta, p.stockActual, p.fechaAlta
FROM Productos p
INNER JOIN TiposProducto tp ON (p.codTipoProducto = tp.codTipoProducto)
WHERE (p.fechaAlta BETWEEN @fechaDesde AND @fechaHasta) AND p.codTipoProducto=@tipoProducto AND p.stockActual>@stockMayorA AND p.stockActual<@stockMenorA
ORDER BY p.fechaAlta ASC
GO
/****** Object:  Table [dbo].[Barrios]    Script Date: 11/08/2017 08:40:22 ******/
SET ANSI_NULLS ON
GO
SET QUOTED_IDENTIFIER ON
GO
CREATE TABLE [dbo].[Barrios](
	[codBarrio] [int] NOT NULL,
	[nombre] [nvarchar](50) NULL,
	[codLocalidad] [int] NULL,
 CONSTRAINT [PK_Barrios] PRIMARY KEY CLUSTERED 
(
	[codBarrio] ASC
)WITH (PAD_INDEX  = OFF, STATISTICS_NORECOMPUTE  = OFF, IGNORE_DUP_KEY = OFF, ALLOW_ROW_LOCKS  = ON, ALLOW_PAGE_LOCKS  = ON) ON [PRIMARY]
) ON [PRIMARY]
GO
INSERT [dbo].[Barrios] ([codBarrio], [nombre], [codLocalidad]) VALUES (1, N'Nueva Cordoba', 543)
INSERT [dbo].[Barrios] ([codBarrio], [nombre], [codLocalidad]) VALUES (2, N'General Paz', 543)
INSERT [dbo].[Barrios] ([codBarrio], [nombre], [codLocalidad]) VALUES (3, N'Alta Cordoba', 543)
INSERT [dbo].[Barrios] ([codBarrio], [nombre], [codLocalidad]) VALUES (4, N'Alberdi', 543)
INSERT [dbo].[Barrios] ([codBarrio], [nombre], [codLocalidad]) VALUES (5, N'Alto Alberdi', 543)
INSERT [dbo].[Barrios] ([codBarrio], [nombre], [codLocalidad]) VALUES (6, N'Jardin', 543)
INSERT [dbo].[Barrios] ([codBarrio], [nombre], [codLocalidad]) VALUES (7, N'Yofre', 543)
INSERT [dbo].[Barrios] ([codBarrio], [nombre], [codLocalidad]) VALUES (8, N'Spilimbergo', 861)
INSERT [dbo].[Barrios] ([codBarrio], [nombre], [codLocalidad]) VALUES (9, N'Centro', 861)
INSERT [dbo].[Barrios] ([codBarrio], [nombre], [codLocalidad]) VALUES (10, N'Forchieri', 861)
INSERT [dbo].[Barrios] ([codBarrio], [nombre], [codLocalidad]) VALUES (11, N'Gobernador Pizarro', 861)
INSERT [dbo].[Barrios] ([codBarrio], [nombre], [codLocalidad]) VALUES (12, N'Alto Verde', 861)
INSERT [dbo].[Barrios] ([codBarrio], [nombre], [codLocalidad]) VALUES (13, N'Villa Aurora', 861)
INSERT [dbo].[Barrios] ([codBarrio], [nombre], [codLocalidad]) VALUES (14, N'Ciudad Universitaria', 543)
/****** Object:  Table [dbo].[Composiciones]    Script Date: 11/08/2017 08:40:22 ******/
SET ANSI_NULLS ON
GO
SET QUOTED_IDENTIFIER ON
GO
SET ANSI_PADDING ON
GO
CREATE TABLE [dbo].[Composiciones](
	[codProdCompuesto] [varchar](50) NOT NULL,
	[codTipoProdCompuesto] [int] NOT NULL,
	[codProdComponente] [varchar](50) NOT NULL,
	[codTipoProdComponente] [int] NOT NULL,
	[orden] [int] NOT NULL,
	[cantidad] [int] NOT NULL,
 CONSTRAINT [PK_Composiciones] PRIMARY KEY CLUSTERED 
(
	[codProdCompuesto] ASC,
	[codTipoProdCompuesto] ASC,
	[codProdComponente] ASC,
	[codTipoProdComponente] ASC
)WITH (PAD_INDEX  = OFF, STATISTICS_NORECOMPUTE  = OFF, IGNORE_DUP_KEY = OFF, ALLOW_ROW_LOCKS  = ON, ALLOW_PAGE_LOCKS  = ON) ON [PRIMARY]
) ON [PRIMARY]
GO
SET ANSI_PADDING OFF
GO
/****** Object:  Table [dbo].[Clientes]    Script Date: 11/08/2017 08:40:22 ******/
SET ANSI_NULLS ON
GO
SET QUOTED_IDENTIFIER ON
GO
SET ANSI_PADDING ON
GO
CREATE TABLE [dbo].[Clientes](
	[CUIT] [bigint] NOT NULL,
	[razonSocial] [varchar](50) NOT NULL,
	[telefono] [bigint] NOT NULL,
	[calle] [varchar](50) NOT NULL,
	[numero] [int] NULL,
	[codBarrio] [int] NOT NULL,
	[bajaLogica] [bit] NOT NULL,
	[fechaAlta] [date] NOT NULL,
 CONSTRAINT [PK_Clientes] PRIMARY KEY CLUSTERED 
(
	[CUIT] ASC
)WITH (PAD_INDEX  = OFF, STATISTICS_NORECOMPUTE  = OFF, IGNORE_DUP_KEY = OFF, ALLOW_ROW_LOCKS  = ON, ALLOW_PAGE_LOCKS  = ON) ON [PRIMARY]
) ON [PRIMARY]
GO
SET ANSI_PADDING OFF
GO
INSERT [dbo].[Clientes] ([CUIT], [razonSocial], [telefono], [calle], [numero], [codBarrio], [bajaLogica], [fechaAlta]) VALUES (29238998779, N'El Viejo Almacen', 5643765467, N'Duarte Quiros', 425, 5, 0, CAST(0x7C3D0B00 AS Date))
INSERT [dbo].[Clientes] ([CUIT], [razonSocial], [telefono], [calle], [numero], [codBarrio], [bajaLogica], [fechaAlta]) VALUES (29284754569, N'Carniceria La Nueva', 5643656545, N'Duarte Quiros', 400, 5, 0, CAST(0x7C3D0B00 AS Date))
INSERT [dbo].[Clientes] ([CUIT], [razonSocial], [telefono], [calle], [numero], [codBarrio], [bajaLogica], [fechaAlta]) VALUES (29285647659, N'Supermercados Valig', 3543489326, N'Av. San Martin', 2484, 9, 0, CAST(0x7C3D0B00 AS Date))
INSERT [dbo].[Clientes] ([CUIT], [razonSocial], [telefono], [calle], [numero], [codBarrio], [bajaLogica], [fechaAlta]) VALUES (29286765469, N'Carniceria Torres', 3543488430, N'Pje. 9 de Julio', 41, 9, 0, CAST(0x7C3D0B00 AS Date))
INSERT [dbo].[Clientes] ([CUIT], [razonSocial], [telefono], [calle], [numero], [codBarrio], [bajaLogica], [fechaAlta]) VALUES (29288687959, N'Supermercado Juancito', 5642363546, N'Lima', 100, 3, 0, CAST(0x7C3D0B00 AS Date))
INSERT [dbo].[Clientes] ([CUIT], [razonSocial], [telefono], [calle], [numero], [codBarrio], [bajaLogica], [fechaAlta]) VALUES (29399356289, N'Nicolas S.A.', 3515508259, N'Pasaje Uehara', 100, 8, 0, CAST(0x633D0B00 AS Date))
INSERT [dbo].[Clientes] ([CUIT], [razonSocial], [telefono], [calle], [numero], [codBarrio], [bajaLogica], [fechaAlta]) VALUES (32154254363, N'UTN-FRC', 3214543653, N'Maestro Lopez esq. Cruz Roja Argentina', 0, 14, 0, CAST(0x633D0B00 AS Date))
INSERT [dbo].[Clientes] ([CUIT], [razonSocial], [telefono], [calle], [numero], [codBarrio], [bajaLogica], [fechaAlta]) VALUES (54365436543, N'Autoservicio Lopez', 4536543776, N'Av. Maipu', 200, 1, 0, CAST(0x7E3D0B00 AS Date))
INSERT [dbo].[Clientes] ([CUIT], [razonSocial], [telefono], [calle], [numero], [codBarrio], [bajaLogica], [fechaAlta]) VALUES (65265436544, N'Agus Yunes S.A.', 4326545326, N'Bv. Chacabuco', 847, 1, 0, CAST(0x633D0B00 AS Date))
/****** Object:  Table [dbo].[Proveedores]    Script Date: 11/08/2017 08:40:22 ******/
SET ANSI_NULLS ON
GO
SET QUOTED_IDENTIFIER ON
GO
SET ANSI_PADDING ON
GO
CREATE TABLE [dbo].[Proveedores](
	[CUIT] [bigint] NOT NULL,
	[razonSocial] [varchar](50) NOT NULL,
	[telefono] [bigint] NOT NULL,
	[calle] [varchar](50) NOT NULL,
	[numero] [int] NULL,
	[codBarrio] [int] NOT NULL,
	[bajaLogica] [bit] NOT NULL,
	[fechaAlta] [date] NOT NULL,
 CONSTRAINT [PK_Proveedores] PRIMARY KEY CLUSTERED 
(
	[CUIT] ASC
)WITH (PAD_INDEX  = OFF, STATISTICS_NORECOMPUTE  = OFF, IGNORE_DUP_KEY = OFF, ALLOW_ROW_LOCKS  = ON, ALLOW_PAGE_LOCKS  = ON) ON [PRIMARY]
) ON [PRIMARY]
GO
SET ANSI_PADDING OFF
GO
INSERT [dbo].[Proveedores] ([CUIT], [razonSocial], [telefono], [calle], [numero], [codBarrio], [bajaLogica], [fechaAlta]) VALUES (29399356289, N'Nico Proveedor', 3515508259, N'Pasaje Uehara', 100, 8, 0, CAST(0x8D3C0B00 AS Date))
INSERT [dbo].[Proveedores] ([CUIT], [razonSocial], [telefono], [calle], [numero], [codBarrio], [bajaLogica], [fechaAlta]) VALUES (34654265435, N'Alto Proveedor', 5465437635, N'Av. Colon', 600, 1, 0, CAST(0xA13C0B00 AS Date))
INSERT [dbo].[Proveedores] ([CUIT], [razonSocial], [telefono], [calle], [numero], [codBarrio], [bajaLogica], [fechaAlta]) VALUES (45234654363, N'Gran Proveedor', 565436547, N'Estrada', 200, 1, 0, CAST(0x7D3D0B00 AS Date))
INSERT [dbo].[Proveedores] ([CUIT], [razonSocial], [telefono], [calle], [numero], [codBarrio], [bajaLogica], [fechaAlta]) VALUES (67364657465, N'Proveedor La Estrella', 5463543655, N'Domingo Faustino Sarmiento', 600, 2, 0, CAST(0x7E3D0B00 AS Date))
/****** Object:  Table [dbo].[Compras]    Script Date: 11/08/2017 08:40:22 ******/
SET ANSI_NULLS ON
GO
SET QUOTED_IDENTIFIER ON
GO
CREATE TABLE [dbo].[Compras](
	[nroFactura] [int] NOT NULL,
	[codTipoFactura] [int] NOT NULL,
	[CUITProveedor] [bigint] NULL,
	[fecha] [datetime] NULL,
	[montoTotal] [money] NULL,
 CONSTRAINT [PK_Compras] PRIMARY KEY CLUSTERED 
(
	[nroFactura] ASC,
	[codTipoFactura] ASC
)WITH (PAD_INDEX  = OFF, STATISTICS_NORECOMPUTE  = OFF, IGNORE_DUP_KEY = OFF, ALLOW_ROW_LOCKS  = ON, ALLOW_PAGE_LOCKS  = ON) ON [PRIMARY]
) ON [PRIMARY]
GO
/****** Object:  StoredProcedure [dbo].[ListadoClientes]    Script Date: 11/08/2017 08:40:21 ******/
SET ANSI_NULLS ON
GO
SET QUOTED_IDENTIFIER ON
GO
CREATE procedure [dbo].[ListadoClientes] 
( @fechaDesde datetime, @fechaHasta datetime ) 
as 
SELECT c.CUIT, c.razonSocial, c.telefono, l.nombre AS localidad, p.nombre AS provincia, c.fechaAlta
FROM Clientes c 
INNER JOIN Barrios b ON (c.codBarrio = b.codBarrio)
INNER JOIN Localidades l ON (b.codLocalidad = l.codLocalidad)
INNER JOIN Provincias p ON (l.codProvincia = p.codProvincia)
WHERE c.fechaAlta BETWEEN @fechaDesde AND @fechaHasta
ORDER BY c.fechaAlta ASC
GO
/****** Object:  Table [dbo].[Facturas]    Script Date: 11/08/2017 08:40:22 ******/
SET ANSI_NULLS ON
GO
SET QUOTED_IDENTIFIER ON
GO
CREATE TABLE [dbo].[Facturas](
	[nroFactura] [int] IDENTITY(1,1) NOT NULL,
	[codTipoFactura] [int] NOT NULL,
	[CUITCliente] [bigint] NOT NULL,
	[fecha] [date] NOT NULL,
	[montoTotal] [money] NOT NULL,
	[descuento] [int] NOT NULL,
 CONSTRAINT [PK_Facturas] PRIMARY KEY CLUSTERED 
(
	[nroFactura] ASC,
	[codTipoFactura] ASC
)WITH (PAD_INDEX  = OFF, STATISTICS_NORECOMPUTE  = OFF, IGNORE_DUP_KEY = OFF, ALLOW_ROW_LOCKS  = ON, ALLOW_PAGE_LOCKS  = ON) ON [PRIMARY]
) ON [PRIMARY]
GO
SET IDENTITY_INSERT [dbo].[Facturas] ON
INSERT [dbo].[Facturas] ([nroFactura], [codTipoFactura], [CUITCliente], [fecha], [montoTotal], [descuento]) VALUES (50, 1, 29399356289, CAST(0x7A3D0B00 AS Date), 4050.0000, 0)
INSERT [dbo].[Facturas] ([nroFactura], [codTipoFactura], [CUITCliente], [fecha], [montoTotal], [descuento]) VALUES (51, 1, 29286765469, CAST(0x7C3D0B00 AS Date), 23562.0000, 10)
INSERT [dbo].[Facturas] ([nroFactura], [codTipoFactura], [CUITCliente], [fecha], [montoTotal], [descuento]) VALUES (52, 1, 29285647659, CAST(0x7C3D0B00 AS Date), 35860.0000, 0)
INSERT [dbo].[Facturas] ([nroFactura], [codTipoFactura], [CUITCliente], [fecha], [montoTotal], [descuento]) VALUES (53, 1, 29238998779, CAST(0x7C3D0B00 AS Date), 2806.0000, 0)
INSERT [dbo].[Facturas] ([nroFactura], [codTipoFactura], [CUITCliente], [fecha], [montoTotal], [descuento]) VALUES (54, 1, 29286765469, CAST(0x7E3D0B00 AS Date), 6540.0000, 0)
INSERT [dbo].[Facturas] ([nroFactura], [codTipoFactura], [CUITCliente], [fecha], [montoTotal], [descuento]) VALUES (55, 1, 29399356289, CAST(0x7E3D0B00 AS Date), 1100.0000, 0)
INSERT [dbo].[Facturas] ([nroFactura], [codTipoFactura], [CUITCliente], [fecha], [montoTotal], [descuento]) VALUES (56, 1, 65265436544, CAST(0x7E3D0B00 AS Date), 5419.0000, 0)
INSERT [dbo].[Facturas] ([nroFactura], [codTipoFactura], [CUITCliente], [fecha], [montoTotal], [descuento]) VALUES (57, 1, 29399356289, CAST(0x7E3D0B00 AS Date), 234.9000, 10)
SET IDENTITY_INSERT [dbo].[Facturas] OFF
/****** Object:  StoredProcedure [dbo].[ListadoProveedores]    Script Date: 11/08/2017 08:40:21 ******/
SET ANSI_NULLS ON
GO
SET QUOTED_IDENTIFIER ON
GO
CREATE procedure [dbo].[ListadoProveedores] 
( @fechaDesde datetime, @fechaHasta datetime, @provincia int ) 
as 
SELECT c.CUIT, c.razonSocial, c.telefono, l.nombre AS localidad, p.nombre AS provincia, c.fechaAlta
FROM Proveedores c 
INNER JOIN Barrios b ON (c.codBarrio = b.codBarrio)
INNER JOIN Localidades l ON (b.codLocalidad = l.codLocalidad)
INNER JOIN Provincias p ON (l.codProvincia = p.codProvincia)
WHERE c.fechaAlta BETWEEN @fechaDesde AND @fechaHasta AND p.codProvincia = @provincia
ORDER BY c.fechaAlta ASC
GO
/****** Object:  StoredProcedure [dbo].[MontoTotalPorCliente]    Script Date: 11/08/2017 08:40:21 ******/
SET ANSI_NULLS ON
GO
SET QUOTED_IDENTIFIER ON
GO
CREATE procedure [dbo].[MontoTotalPorCliente] 
( @fechaDesde datetime, @fechaHasta datetime, @provincia int ) 
as 
SELECT SUM(f.montoTotal) AS TotalComprado, c.CUIT, c.razonSocial, p.nombre AS Provincia
FROM Facturas f
INNER JOIN Clientes c ON (c.CUIT = f.CUITCliente)
INNER JOIN Barrios b ON (c.codBarrio = b.codBarrio)
INNER JOIN Localidades l ON (l.codLocalidad = b.codLocalidad)
INNER JOIN Provincias p ON (p.codProvincia = l.codProvincia)
WHERE f.fecha BETWEEN @fechaDesde AND @fechaHasta AND p.codProvincia=@provincia
GROUP BY c.CUIT, c.razonSocial, p.nombre
ORDER BY 1 DESC
GO
/****** Object:  Table [dbo].[DetallesFactura]    Script Date: 11/08/2017 08:40:22 ******/
SET ANSI_NULLS ON
GO
SET QUOTED_IDENTIFIER ON
GO
SET ANSI_PADDING ON
GO
CREATE TABLE [dbo].[DetallesFactura](
	[nroFactura] [int] NOT NULL,
	[codTipoFactura] [int] NOT NULL,
	[codProducto] [varchar](50) NOT NULL,
	[codTipoProducto] [int] NOT NULL,
	[cantidad] [int] NOT NULL,
	[precioUnitario] [money] NOT NULL,
	[subtotal] [money] NOT NULL,
 CONSTRAINT [PK_DetallesFactura] PRIMARY KEY CLUSTERED 
(
	[nroFactura] ASC,
	[codTipoFactura] ASC,
	[codProducto] ASC,
	[codTipoProducto] ASC
)WITH (PAD_INDEX  = OFF, STATISTICS_NORECOMPUTE  = OFF, IGNORE_DUP_KEY = OFF, ALLOW_ROW_LOCKS  = ON, ALLOW_PAGE_LOCKS  = ON) ON [PRIMARY]
) ON [PRIMARY]
GO
SET ANSI_PADDING OFF
GO
INSERT [dbo].[DetallesFactura] ([nroFactura], [codTipoFactura], [codProducto], [codTipoProducto], [cantidad], [precioUnitario], [subtotal]) VALUES (50, 1, N'AJIMM', 1, 10, 87.0000, 870.0000)
INSERT [dbo].[DetallesFactura] ([nroFactura], [codTipoFactura], [codProducto], [codTipoProducto], [cantidad], [precioUnitario], [subtotal]) VALUES (50, 1, N'PIMBM', 1, 10, 303.0000, 3030.0000)
INSERT [dbo].[DetallesFactura] ([nroFactura], [codTipoFactura], [codProducto], [codTipoProducto], [cantidad], [precioUnitario], [subtotal]) VALUES (50, 1, N'SSPIC', 1, 5, 30.0000, 150.0000)
INSERT [dbo].[DetallesFactura] ([nroFactura], [codTipoFactura], [codProducto], [codTipoProducto], [cantidad], [precioUnitario], [subtotal]) VALUES (51, 1, N'AJOPA', 1, 20, 235.0000, 4700.0000)
INSERT [dbo].[DetallesFactura] ([nroFactura], [codTipoFactura], [codProducto], [codTipoProducto], [cantidad], [precioUnitario], [subtotal]) VALUES (51, 1, N'PIMBG', 1, 20, 633.0000, 12660.0000)
INSERT [dbo].[DetallesFactura] ([nroFactura], [codTipoFactura], [codProducto], [codTipoProducto], [cantidad], [precioUnitario], [subtotal]) VALUES (51, 1, N'PIMBM', 1, 20, 303.0000, 6060.0000)
INSERT [dbo].[DetallesFactura] ([nroFactura], [codTipoFactura], [codProducto], [codTipoProducto], [cantidad], [precioUnitario], [subtotal]) VALUES (51, 1, N'ROM', 1, 20, 138.0000, 2760.0000)
INSERT [dbo].[DetallesFactura] ([nroFactura], [codTipoFactura], [codProducto], [codTipoProducto], [cantidad], [precioUnitario], [subtotal]) VALUES (52, 1, N'AJICM', 1, 30, 114.0000, 3420.0000)
INSERT [dbo].[DetallesFactura] ([nroFactura], [codTipoFactura], [codProducto], [codTipoProducto], [cantidad], [precioUnitario], [subtotal]) VALUES (52, 1, N'AJOPO', 1, 40, 97.0000, 3880.0000)
INSERT [dbo].[DetallesFactura] ([nroFactura], [codTipoFactura], [codProducto], [codTipoProducto], [cantidad], [precioUnitario], [subtotal]) VALUES (52, 1, N'PIMNM', 1, 80, 268.0000, 21440.0000)
INSERT [dbo].[DetallesFactura] ([nroFactura], [codTipoFactura], [codProducto], [codTipoProducto], [cantidad], [precioUnitario], [subtotal]) VALUES (52, 1, N'SSPIC', 1, 40, 30.0000, 1200.0000)
INSERT [dbo].[DetallesFactura] ([nroFactura], [codTipoFactura], [codProducto], [codTipoProducto], [cantidad], [precioUnitario], [subtotal]) VALUES (52, 1, N'TOM', 1, 40, 148.0000, 5920.0000)
INSERT [dbo].[DetallesFactura] ([nroFactura], [codTipoFactura], [codProducto], [codTipoProducto], [cantidad], [precioUnitario], [subtotal]) VALUES (53, 1, N'AJOPO', 1, 4, 97.0000, 388.0000)
INSERT [dbo].[DetallesFactura] ([nroFactura], [codTipoFactura], [codProducto], [codTipoProducto], [cantidad], [precioUnitario], [subtotal]) VALUES (53, 1, N'PIMNM', 1, 6, 268.0000, 1608.0000)
INSERT [dbo].[DetallesFactura] ([nroFactura], [codTipoFactura], [codProducto], [codTipoProducto], [cantidad], [precioUnitario], [subtotal]) VALUES (53, 1, N'ROM', 1, 5, 138.0000, 690.0000)
INSERT [dbo].[DetallesFactura] ([nroFactura], [codTipoFactura], [codProducto], [codTipoProducto], [cantidad], [precioUnitario], [subtotal]) VALUES (53, 1, N'SSCLA', 1, 6, 20.0000, 120.0000)
INSERT [dbo].[DetallesFactura] ([nroFactura], [codTipoFactura], [codProducto], [codTipoProducto], [cantidad], [precioUnitario], [subtotal]) VALUES (54, 1, N'PROTEXS', 1, 60, 109.0000, 6540.0000)
INSERT [dbo].[DetallesFactura] ([nroFactura], [codTipoFactura], [codProducto], [codTipoProducto], [cantidad], [precioUnitario], [subtotal]) VALUES (55, 1, N'SSCLA', 1, 55, 20.0000, 1100.0000)
INSERT [dbo].[DetallesFactura] ([nroFactura], [codTipoFactura], [codProducto], [codTipoProducto], [cantidad], [precioUnitario], [subtotal]) VALUES (56, 1, N'PIMBG', 1, 5, 633.0000, 3165.0000)
INSERT [dbo].[DetallesFactura] ([nroFactura], [codTipoFactura], [codProducto], [codTipoProducto], [cantidad], [precioUnitario], [subtotal]) VALUES (56, 1, N'PIMBM', 1, 6, 303.0000, 1818.0000)
INSERT [dbo].[DetallesFactura] ([nroFactura], [codTipoFactura], [codProducto], [codTipoProducto], [cantidad], [precioUnitario], [subtotal]) VALUES (56, 1, N'PROTEXS', 1, 4, 109.0000, 436.0000)
INSERT [dbo].[DetallesFactura] ([nroFactura], [codTipoFactura], [codProducto], [codTipoProducto], [cantidad], [precioUnitario], [subtotal]) VALUES (57, 1, N'AJIMM', 1, 3, 87.0000, 261.0000)
/****** Object:  Table [dbo].[DetallesCompra]    Script Date: 11/08/2017 08:40:22 ******/
SET ANSI_NULLS ON
GO
SET QUOTED_IDENTIFIER ON
GO
SET ANSI_PADDING ON
GO
CREATE TABLE [dbo].[DetallesCompra](
	[nroFactura] [int] NOT NULL,
	[codTipoFactura] [int] NOT NULL,
	[codProducto] [varchar](50) NOT NULL,
	[codTipoProducto] [int] NOT NULL,
	[cantidad] [int] NOT NULL,
	[precioUnitario] [money] NOT NULL,
	[subtotal] [money] NOT NULL,
 CONSTRAINT [PK_DetallesCompra] PRIMARY KEY CLUSTERED 
(
	[nroFactura] ASC,
	[codTipoFactura] ASC,
	[codProducto] ASC,
	[codTipoProducto] ASC
)WITH (PAD_INDEX  = OFF, STATISTICS_NORECOMPUTE  = OFF, IGNORE_DUP_KEY = OFF, ALLOW_ROW_LOCKS  = ON, ALLOW_PAGE_LOCKS  = ON) ON [PRIMARY]
) ON [PRIMARY]
GO
SET ANSI_PADDING OFF
GO
/****** Object:  StoredProcedure [dbo].[ProductosPorCliente]    Script Date: 11/08/2017 08:40:21 ******/
SET ANSI_NULLS ON
GO
SET QUOTED_IDENTIFIER ON
GO
CREATE procedure [dbo].[ProductosPorCliente] 
( @fechaDesde datetime, @fechaHasta datetime, @tipoProducto int, @provincia int) 
as 
SELECT c.razonSocial, p.nombre, SUM(d.cantidad) AS Cantidad, p.codProducto, c.CUIT
FROM Facturas f
INNER JOIN DetallesFactura d ON (f.nroFactura = d.nroFactura AND f.codTipoFactura = d.codTipoFactura)
INNER JOIN Productos p ON (p.codProducto = d.codProducto AND p.codTipoProducto = d.codTipoProducto)
INNER JOIN Clientes c ON (c.CUIT = f.CUITCliente)
INNER JOIN Barrios b ON (b.codBarrio = c.codBarrio)
INNER JOIN Localidades l ON (l.codLocalidad = b.codLocalidad)
WHERE f.fecha BETWEEN @fechaDesde AND @fechaHasta AND p.codTipoProducto=@tipoProducto AND l.codProvincia=@provincia
GROUP BY c.CUIT, p.codProducto, p.codTipoProducto, c.razonSocial, p.nombre
HAVING SUM(d.cantidad) >= ALL (SELECT SUM(d2.cantidad)
								FROM Facturas f2
								INNER JOIN DetallesFactura d2 ON (f2.nroFactura = d2.nroFactura AND f2.codTipoFactura = d2.codTipoFactura)
								INNER JOIN Productos p2 ON (p2.codProducto = d2.codProducto AND p2.codTipoProducto = d2.codTipoProducto)
								INNER JOIN Clientes c2 ON (c2.CUIT = f2.CUITCliente)
								WHERE f2.fecha BETWEEN @fechaDesde AND @fechaHasta AND p2.codTipoProducto=@tipoProducto AND c2.CUIT = c.CUIT
								GROUP BY c2.CUIT, p2.codProducto, p2.codTipoProducto)
ORDER BY 3 DESC
GO
/****** Object:  StoredProcedure [dbo].[ProductosMasVendidos]    Script Date: 11/08/2017 08:40:21 ******/
SET ANSI_NULLS ON
GO
SET QUOTED_IDENTIFIER ON
GO
CREATE procedure [dbo].[ProductosMasVendidos]
( @fechaDesde datetime, @fechaHasta datetime ) 
as 
SELECT p.nombre AS Producto, SUM(d.cantidad) AS Cantidad
FROM Facturas f
INNER JOIN DetallesFactura d ON (f.nroFactura = d.nroFactura AND f.codTipoFactura = d.codTipoFactura)
INNER JOIN Productos p ON (d.codProducto = p.codProducto AND d.codTipoProducto = p.codTipoProducto)
WHERE f.fecha BETWEEN @fechaDesde AND @fechaHasta
GROUP BY p.codProducto, p.codTipoProducto, p.nombre
ORDER BY 2 DESC
GO
/****** Object:  Default [DF_Clientes_bajaLogica]    Script Date: 11/08/2017 08:40:22 ******/
ALTER TABLE [dbo].[Clientes] ADD  CONSTRAINT [DF_Clientes_bajaLogica]  DEFAULT ((0)) FOR [bajaLogica]
GO
/****** Object:  Default [DF_Productos_bajaLogica]    Script Date: 11/08/2017 08:40:22 ******/
ALTER TABLE [dbo].[Productos] ADD  CONSTRAINT [DF_Productos_bajaLogica]  DEFAULT ((0)) FOR [bajaLogica]
GO
/****** Object:  Default [DF_Proveedores_bajaLogica]    Script Date: 11/08/2017 08:40:22 ******/
ALTER TABLE [dbo].[Proveedores] ADD  CONSTRAINT [DF_Proveedores_bajaLogica]  DEFAULT ((0)) FOR [bajaLogica]
GO
/****** Object:  Default [DF_Usuarios_bajaLogica]    Script Date: 11/08/2017 08:40:22 ******/
ALTER TABLE [dbo].[Usuarios] ADD  CONSTRAINT [DF_Usuarios_bajaLogica]  DEFAULT ((0)) FOR [bajaLogica]
GO
/****** Object:  ForeignKey [FK_Barrios_Localidades]    Script Date: 11/08/2017 08:40:22 ******/
ALTER TABLE [dbo].[Barrios]  WITH CHECK ADD  CONSTRAINT [FK_Barrios_Localidades] FOREIGN KEY([codLocalidad])
REFERENCES [dbo].[Localidades] ([codLocalidad])
GO
ALTER TABLE [dbo].[Barrios] CHECK CONSTRAINT [FK_Barrios_Localidades]
GO
/****** Object:  ForeignKey [FK_Clientes_Barrios]    Script Date: 11/08/2017 08:40:22 ******/
ALTER TABLE [dbo].[Clientes]  WITH CHECK ADD  CONSTRAINT [FK_Clientes_Barrios] FOREIGN KEY([codBarrio])
REFERENCES [dbo].[Barrios] ([codBarrio])
GO
ALTER TABLE [dbo].[Clientes] CHECK CONSTRAINT [FK_Clientes_Barrios]
GO
/****** Object:  ForeignKey [FK_Composiciones_ProductosComponente]    Script Date: 11/08/2017 08:40:22 ******/
ALTER TABLE [dbo].[Composiciones]  WITH CHECK ADD  CONSTRAINT [FK_Composiciones_ProductosComponente] FOREIGN KEY([codProdComponente], [codTipoProdComponente])
REFERENCES [dbo].[Productos] ([codProducto], [codTipoProducto])
GO
ALTER TABLE [dbo].[Composiciones] CHECK CONSTRAINT [FK_Composiciones_ProductosComponente]
GO
/****** Object:  ForeignKey [FK_Composiciones_ProductosCompuesto]    Script Date: 11/08/2017 08:40:22 ******/
ALTER TABLE [dbo].[Composiciones]  WITH CHECK ADD  CONSTRAINT [FK_Composiciones_ProductosCompuesto] FOREIGN KEY([codProdCompuesto], [codTipoProdCompuesto])
REFERENCES [dbo].[Productos] ([codProducto], [codTipoProducto])
GO
ALTER TABLE [dbo].[Composiciones] CHECK CONSTRAINT [FK_Composiciones_ProductosCompuesto]
GO
/****** Object:  ForeignKey [FK_Compras_Proveedores]    Script Date: 11/08/2017 08:40:22 ******/
ALTER TABLE [dbo].[Compras]  WITH CHECK ADD  CONSTRAINT [FK_Compras_Proveedores] FOREIGN KEY([CUITProveedor])
REFERENCES [dbo].[Proveedores] ([CUIT])
GO
ALTER TABLE [dbo].[Compras] CHECK CONSTRAINT [FK_Compras_Proveedores]
GO
/****** Object:  ForeignKey [FK_Compras_TiposFacturas]    Script Date: 11/08/2017 08:40:22 ******/
ALTER TABLE [dbo].[Compras]  WITH CHECK ADD  CONSTRAINT [FK_Compras_TiposFacturas] FOREIGN KEY([codTipoFactura])
REFERENCES [dbo].[TiposFactura] ([codTipoFactura])
GO
ALTER TABLE [dbo].[Compras] CHECK CONSTRAINT [FK_Compras_TiposFacturas]
GO
/****** Object:  ForeignKey [FK_DetallesCompra_Facturas]    Script Date: 11/08/2017 08:40:22 ******/
ALTER TABLE [dbo].[DetallesCompra]  WITH CHECK ADD  CONSTRAINT [FK_DetallesCompra_Facturas] FOREIGN KEY([nroFactura], [codTipoFactura])
REFERENCES [dbo].[Facturas] ([nroFactura], [codTipoFactura])
GO
ALTER TABLE [dbo].[DetallesCompra] CHECK CONSTRAINT [FK_DetallesCompra_Facturas]
GO
/****** Object:  ForeignKey [FK_DetallesCompra_Productos]    Script Date: 11/08/2017 08:40:22 ******/
ALTER TABLE [dbo].[DetallesCompra]  WITH CHECK ADD  CONSTRAINT [FK_DetallesCompra_Productos] FOREIGN KEY([codProducto], [codTipoProducto])
REFERENCES [dbo].[Productos] ([codProducto], [codTipoProducto])
GO
ALTER TABLE [dbo].[DetallesCompra] CHECK CONSTRAINT [FK_DetallesCompra_Productos]
GO
/****** Object:  ForeignKey [FK_DetallesFactura_Facturas]    Script Date: 11/08/2017 08:40:22 ******/
ALTER TABLE [dbo].[DetallesFactura]  WITH CHECK ADD  CONSTRAINT [FK_DetallesFactura_Facturas] FOREIGN KEY([nroFactura], [codTipoFactura])
REFERENCES [dbo].[Facturas] ([nroFactura], [codTipoFactura])
GO
ALTER TABLE [dbo].[DetallesFactura] CHECK CONSTRAINT [FK_DetallesFactura_Facturas]
GO
/****** Object:  ForeignKey [FK_DetallesFactura_Productos]    Script Date: 11/08/2017 08:40:22 ******/
ALTER TABLE [dbo].[DetallesFactura]  WITH CHECK ADD  CONSTRAINT [FK_DetallesFactura_Productos] FOREIGN KEY([codProducto], [codTipoProducto])
REFERENCES [dbo].[Productos] ([codProducto], [codTipoProducto])
GO
ALTER TABLE [dbo].[DetallesFactura] CHECK CONSTRAINT [FK_DetallesFactura_Productos]
GO
/****** Object:  ForeignKey [FK_Facturas_Clientes]    Script Date: 11/08/2017 08:40:22 ******/
ALTER TABLE [dbo].[Facturas]  WITH CHECK ADD  CONSTRAINT [FK_Facturas_Clientes] FOREIGN KEY([CUITCliente])
REFERENCES [dbo].[Clientes] ([CUIT])
GO
ALTER TABLE [dbo].[Facturas] CHECK CONSTRAINT [FK_Facturas_Clientes]
GO
/****** Object:  ForeignKey [FK_Facturas_TiposFactura]    Script Date: 11/08/2017 08:40:22 ******/
ALTER TABLE [dbo].[Facturas]  WITH CHECK ADD  CONSTRAINT [FK_Facturas_TiposFactura] FOREIGN KEY([codTipoFactura])
REFERENCES [dbo].[TiposFactura] ([codTipoFactura])
GO
ALTER TABLE [dbo].[Facturas] CHECK CONSTRAINT [FK_Facturas_TiposFactura]
GO
/****** Object:  ForeignKey [FK_Localidades_Provicias]    Script Date: 11/08/2017 08:40:22 ******/
ALTER TABLE [dbo].[Localidades]  WITH CHECK ADD  CONSTRAINT [FK_Localidades_Provicias] FOREIGN KEY([codProvincia])
REFERENCES [dbo].[Provincias] ([codProvincia])
GO
ALTER TABLE [dbo].[Localidades] CHECK CONSTRAINT [FK_Localidades_Provicias]
GO
/****** Object:  ForeignKey [FK_Permisos_Formularios]    Script Date: 11/08/2017 08:40:22 ******/
ALTER TABLE [dbo].[Permisos]  WITH CHECK ADD  CONSTRAINT [FK_Permisos_Formularios] FOREIGN KEY([idFormulario])
REFERENCES [dbo].[Formularios] ([idFormulario])
GO
ALTER TABLE [dbo].[Permisos] CHECK CONSTRAINT [FK_Permisos_Formularios]
GO
/****** Object:  ForeignKey [FK_Permisos_Perfiles]    Script Date: 11/08/2017 08:40:22 ******/
ALTER TABLE [dbo].[Permisos]  WITH CHECK ADD  CONSTRAINT [FK_Permisos_Perfiles] FOREIGN KEY([idPerfil])
REFERENCES [dbo].[Perfiles] ([idPerfil])
GO
ALTER TABLE [dbo].[Permisos] CHECK CONSTRAINT [FK_Permisos_Perfiles]
GO
/****** Object:  ForeignKey [FK_Productos_TiposProducto]    Script Date: 11/08/2017 08:40:22 ******/
ALTER TABLE [dbo].[Productos]  WITH CHECK ADD  CONSTRAINT [FK_Productos_TiposProducto] FOREIGN KEY([codTipoProducto])
REFERENCES [dbo].[TiposProducto] ([codTipoProducto])
GO
ALTER TABLE [dbo].[Productos] CHECK CONSTRAINT [FK_Productos_TiposProducto]
GO
/****** Object:  ForeignKey [FK_Productos_UnidadesMedida]    Script Date: 11/08/2017 08:40:22 ******/
ALTER TABLE [dbo].[Productos]  WITH CHECK ADD  CONSTRAINT [FK_Productos_UnidadesMedida] FOREIGN KEY([codUnidadMedida])
REFERENCES [dbo].[UnidadesMedida] ([codUnidad])
GO
ALTER TABLE [dbo].[Productos] CHECK CONSTRAINT [FK_Productos_UnidadesMedida]
GO
/****** Object:  ForeignKey [FK_Proveedores_Barrios]    Script Date: 11/08/2017 08:40:22 ******/
ALTER TABLE [dbo].[Proveedores]  WITH CHECK ADD  CONSTRAINT [FK_Proveedores_Barrios] FOREIGN KEY([codBarrio])
REFERENCES [dbo].[Barrios] ([codBarrio])
GO
ALTER TABLE [dbo].[Proveedores] CHECK CONSTRAINT [FK_Proveedores_Barrios]
GO
/****** Object:  ForeignKey [FK_Usuarios_Perfiles]    Script Date: 11/08/2017 08:40:22 ******/
ALTER TABLE [dbo].[Usuarios]  WITH CHECK ADD  CONSTRAINT [FK_Usuarios_Perfiles] FOREIGN KEY([idPerfil])
REFERENCES [dbo].[Perfiles] ([idPerfil])
GO
ALTER TABLE [dbo].[Usuarios] CHECK CONSTRAINT [FK_Usuarios_Perfiles]
GO
